MONTH;JOBTYPE;JOBFILE;CUSTOMER;MKT;REVENUE;COST;PROFIT;MARGIN;NEWCUSTOMER
01/01/2025;EXPORT AF;MOCK-0101202501250001;CV. BINTANG FURNITURE;BUDIMAN;1311683.67;872064.69;439618.98;33.5156;REGULAR
01/01/2025;EXPORT AF;MOCK-0101202501250002;PT. JAYA LOGISTIK;FERNANDO;25409890.3;21801849.49;3608040.81;14.1994;REGULAR
01/01/2025;EXPORT AF;MOCK-0101202501250003;PT. JAYA LOGISTIK;FERNANDO;1193674.12;337528.79;856145.33;71.7235;REGULAR
01/01/2025;MDP;MOCK-0101202501250001;PT. CAHAYA NIAGA;SANTOSO;116998230.07;106612584.12;10385645.95;8.8768;REGULAR
01/01/2025;MDP;MOCK-0101202501250002;PT. NUSANTARA PERKASA;SANTOSO;18809096.47;17130589.39;1678507.08;8.9239;REGULAR
01/01/2025;MDP;MOCK-0101202501250003;PT. AGUNG LOGISTIK;SANTOSO;19278117.12;16944476.59;2333640.53;12.1051;REGULAR
01/01/2025;MDP;MOCK-0101202501250004;PT. ASRI LOGISTIK;SANTOSO;61823034.15;57992392.78;3830641.37;6.1961;REGULAR
01/01/2025;MDP;MOCK-0101202501250005;PT. AGUNG LOGISTIK;SANTOSO;98788549.49;91276100.91;7512448.58;7.6046;REGULAR
01/01/2025;MDP;MOCK-0101202501250006;PT. ASRI LOGISTIK;SANTOSO;13817261.29;12659976.38;1157284.91;8.3756;REGULAR
01/01/2025;MDP;MOCK-0101202501250007;PT. CAHAYA NIAGA;SANTOSO;25040646.87;22399158.23;2641488.64;10.5488;REGULAR
01/01/2025;MDP;MOCK-0101202501250008;PT. AGUNG LOGISTIK;SANTOSO;62207555.9;57465876.76;4741679.14;7.6224;REGULAR
01/01/2025;MDP;MOCK-0101202501250010;PT. BERKAH FURNITURE;FERNANDO;1928125.13;1002732.26;925392.87;47.9944;REGULAR
01/01/2025;MDP;MOCK-0101202501250011;PT. ASRI LOGISTIK;SANTOSO;15428226.92;13391806.85;2036420.07;13.1993;REGULAR
01/01/2025;EXPORT FCL;MOCK-0101202501250002;CV. MITRA BUANA;BUDIMAN;33387286.26;30489616.42;2897669.84;8.679;REGULAR
01/01/2025;MDP;MOCK-0101202501250001;PT. PRIMA PERSADA;TEJAKUSUMA;255978.32;155429.77;100548.55;39.2801;REGULAR
01/01/2025;MDP;MOCK-0101202501250002;PT. GLOBAL FURNITURE;FERNANDO;523916.96;459141.97;64774.99;12.3636;REGULAR
01/01/2025;MDP;MOCK-0101202501250003;CV. SEJATI KONSULTAN;HADI;3904520.79;3126948.88;777571.91;19.9147;REGULAR
01/01/2025;MDP;MOCK-0101202501250004;CV. HARMONI PERKASA;HADI;1003267.13;610159.94;393107.19;39.1827;REGULAR
01/01/2025;MDP;MOCK-0101202501250005;PT. PRIMA PERSADA;TEJAKUSUMA;282328.01;171429.27;110898.74;39.2801;REGULAR
01/01/2025;MDP;MOCK-0101202501250006;CV. HARMONI PERKASA;HADI;315438.84;218646.3;96792.54;30.685;REGULAR
01/02/2025;MDP;MOCK-0102202502250012;CV. INDAH TEKNIK;SANTOSO;16297913.07;15036529.0;1261384.07;7.7395;REGULAR
01/02/2025;MDP;MOCK-0102202502250013;PT. CAHAYA NIAGA;SANTOSO;61063684.7;53904423.26;7159261.44;11.7243;REGULAR
01/02/2025;MDP;MOCK-0102202502250014;PT. AGUNG LOGISTIK;SANTOSO;84321621.95;76747804.95;7573817.0;8.9821;REGULAR
01/02/2025;MDP;MOCK-0102202502250015;PT. KARYA NIAGA;SANTOSO;14183778.4;13196414.78;987363.62;6.9612;REGULAR
01/02/2025;MDP;MOCK-0102202502250016;PT. AGUNG LOGISTIK;SANTOSO;46242070.65;40858334.12;5383736.53;11.6425;REGULAR
01/02/2025;MDP;MOCK-0102202502250017;PT. AGUNG LOGISTIK;SANTOSO;29774981.86;26077932.65;3697049.21;12.4166;REGULAR
01/02/2025;MDP;MOCK-0102202502250018;PT. CAHAYA NIAGA;SANTOSO;101327174.7;90263822.31;11063352.39;10.9184;REGULAR
01/02/2025;MDP;MOCK-0102202502250019;PT. AGUNG LOGISTIK;SANTOSO;17710241.68;16251879.8;1458361.88;8.2346;REGULAR
01/02/2025;MDP;MOCK-0102202502250020;PT. CAHAYA NIAGA;SANTOSO;27873653.33;25155535.74;2718117.59;9.7516;REGULAR
01/02/2025;MDP;MOCK-0102202502250021;PT. AGUNG LOGISTIK;SANTOSO;16008470.57;14314106.38;1694364.19;10.5842;REGULAR
01/02/2025;MDP;MOCK-0102202502250022;PT. CAHAYA NIAGA;SANTOSO;26446675.45;24116776.04;2329899.41;8.8098;REGULAR
01/02/2025;MDP;MOCK-0102202502250023;PT. AGUNG LOGISTIK;SANTOSO;63774186.37;58141520.12;5632666.25;8.8322;REGULAR
01/02/2025;EXPORT FCL;MOCK-0102202502250003;PT. GLOBAL BANGUNAN;BUDIMAN;7542606.01;5724125.79;1818480.22;24.1094;REGULAR
01/02/2025;EXPORT FCL;MOCK-0102202502250004;CV. BAHARI KONSULTAN;BUDIMAN;12043551.06;10321917.23;1721633.83;14.2951;REGULAR
01/02/2025;EXPORT FCL;MOCK-0102202502250005;CV. MITRA BUANA;BUDIMAN;39607588.37;37025511.27;2582077.1;6.5191;REGULAR
01/02/2025;MDP;MOCK-0102202502250007;PT. PRIMA PERSADA;TEJAKUSUMA;244335.14;148213.65;96121.49;39.34;REGULAR
01/02/2025;MDP;MOCK-0102202502250008;PT. BERKAH FURNITURE;FERNANDO;6779212.27;6261355.78;517856.49;7.6389;REGULAR
01/02/2025;MDP;MOCK-0102202502250009;PT. BERKAH FURNITURE;FERNANDO;7837946.28;7239214.27;598732.01;7.6389;REGULAR
01/02/2025;MDP;MOCK-0102202502250010;PT. BERKAH FURNITURE;FERNANDO;6611606.25;6106553.0;505053.25;7.6389;REGULAR
01/02/2025;MDP;MOCK-0102202502250011;PT. BERKAH FURNITURE;FERNANDO;6171115.18;5699710.55;471404.63;7.6389;REGULAR
01/02/2025;MDP;MOCK-0102202502250012;PT. BERKAH FURNITURE;FERNANDO;1307432.07;1024881.47;282550.6;21.6111;REGULAR
01/02/2025;MDP;MOCK-0102202502250013;CV. AGUNG INDUSTRI;FERNANDO;25330288.2;22289246.76;3041041.44;12.0056;REGULAR
01/02/2025;MDP;MOCK-0102202502250014;PT. BERKAH FURNITURE;FERNANDO;6101182.35;5768390.59;332791.76;5.4545;REGULAR
01/02/2025;MDP;MOCK-0102202502250015;PT. PRIMA KONSULTAN;HADI;4245152.48;3631682.57;613469.91;14.4511;REGULAR
01/02/2025;MDP;MOCK-0102202502250016;PT. PRIMA KONSULTAN;HADI;3923559.36;3268081.24;655478.12;16.7062;REGULAR
01/02/2025;MDP;MOCK-0102202502250017;PT. PRIMA PERSADA;TEJAKUSUMA;62546671.29;58845993.24;3700678.05;5.9167;REGULAR
01/02/2025;MDP;MOCK-0102202502250018;PT. PRIMA KONSULTAN;HADI;3837402.89;3588643.01;248759.88;6.4825;REGULAR
01/02/2025;MDP;MOCK-0102202502250019;PT. BERKAH FURNITURE;FERNANDO;3146948.49;2694932.25;452016.24;14.3636;REGULAR
01/02/2025;MDP;MOCK-0102202502250020;PT. SARI DAGANG;BUDIMAN;3032594.16;2476618.56;555975.6;18.3333;REGULAR
01/02/2025;MDP;MOCK-0102202502250021;PT. BERKAH FURNITURE;FERNANDO;3112370.64;2891675.27;220695.37;7.0909;REGULAR
01/02/2025;MDP;MOCK-0102202502250022;PT. BERKAH FURNITURE;FERNANDO;2432656.95;2211506.31;221150.64;9.0909;REGULAR
01/02/2025;MDP;MOCK-0102202502250023;PT. BERKAH FURNITURE;FERNANDO;8216065.32;7588449.22;627616.1;7.6389;REGULAR
01/03/2025;EXPORT AF;MOCK-0103202503250004;CV. CEMERLANG DISTRIBUSI;BUDIMAN;24863548.79;20913758.19;3949790.6;15.8859;NEW CUSTOMER
01/03/2025;EXPORT AF;MOCK-0103202503250006;CV. INDAH BANGUNAN;BUDIMAN;6236937.75;4709502.63;1527435.12;24.4901;NEW CUSTOMER
01/03/2025;IMPORT AF;MOCK-0103202503250001;CV. SEJATI BANGUNAN;BUDIMAN;438697.07;393036.88;45660.19;10.4081;REGULAR
01/03/2025;MDP;MOCK-0103202503250024;PT. AGUNG LOGISTIK;SANTOSO;50629282.53;45919320.4;4709962.13;9.3028;REGULAR
01/03/2025;MDP;MOCK-0103202503250025;PT. AGUNG LOGISTIK;SANTOSO;29866833.71;27065050.5;2801783.21;9.3809;REGULAR
01/03/2025;MDP;MOCK-0103202503250026;PT. AGUNG LOGISTIK;SANTOSO;67643981.64;62068580.52;5575401.12;8.2423;REGULAR
01/03/2025;MDP;MOCK-0103202503250027;PT. AGUNG LOGISTIK;SANTOSO;13540549.88;12424398.04;1116151.84;8.243;REGULAR
01/03/2025;MDP;MOCK-0103202503250028;PT. ASRI LOGISTIK;SANTOSO;14799216.7;13410087.08;1389129.62;9.3865;REGULAR
01/03/2025;MDP;MOCK-0103202503250030;PT. SUKSES KREASI;SANTOSO;15383894.29;13546263.39;1837630.9;11.9452;REGULAR
01/03/2025;MDP;MOCK-0103202503250031;CV. MANDIRI SAMUDRA;SANTOSO;15471859.48;13689448.87;1782410.61;11.5203;NEW CUSTOMER
01/03/2025;MDP;MOCK-0103202503250032;PT. ASRI LOGISTIK;SANTOSO;16695460.97;15479679.08;1215781.89;7.2821;REGULAR
01/03/2025;MDP;MOCK-0103202503250033;PT. PRIMA LOGISTIK;SANTOSO;18968176.4;17319129.57;1649046.83;8.6938;REGULAR
01/03/2025;MDP;MOCK-0103202503250034;PT. AGUNG LOGISTIK;SANTOSO;77569244.88;70148825.52;7420419.36;9.5662;REGULAR
01/03/2025;MDP;MOCK-0103202503250035;PT. AGUNG LOGISTIK;SANTOSO;15563191.36;14298730.13;1264461.23;8.1247;REGULAR
01/03/2025;MDP;MOCK-0103202503250036;PT. AGUNG LOGISTIK;SANTOSO;15615644.1;14395867.77;1219776.33;7.8112;REGULAR
01/03/2025;MDP;MOCK-0103202503250037;PT. AGUNG LOGISTIK;SANTOSO;14507681.27;13327993.05;1179688.22;8.1315;REGULAR
01/03/2025;MDP;MOCK-0103202503250038;PT. AGUNG LOGISTIK;SANTOSO;16235179.49;14857656.26;1377523.23;8.4848;REGULAR
01/03/2025;MDP;MOCK-0103202503250039;PT. AGUNG LOGISTIK;SANTOSO;31296991.65;28713101.08;2583890.57;8.256;REGULAR
01/03/2025;MDP;MOCK-0103202503250040;PT. AGUNG LOGISTIK;SANTOSO;236543417.84;214994075.66;21549342.18;9.1101;REGULAR
01/03/2025;MDP;MOCK-0103202503250041;PT. AGUNG LOGISTIK;SANTOSO;33209026.24;30754082.12;2454944.12;7.3924;REGULAR
01/03/2025;MDP;MOCK-0103202503250042;PT. AGUNG LOGISTIK;SANTOSO;198923922.82;181268271.9;17655650.92;8.8756;REGULAR
01/03/2025;MDP;MOCK-0103202503250043;PT. AGUNG LOGISTIK;SANTOSO;15567823.26;14272188.3;1295634.96;8.3225;REGULAR
01/03/2025;MDP;MOCK-0103202503250044;PT. AGUNG LOGISTIK;SANTOSO;17929818.25;16196658.14;1733160.11;9.6664;REGULAR
01/03/2025;EXPORT FCL;MOCK-0103202503250006;CV. MITRA BUANA;BUDIMAN;34367584.95;23495787.25;10871797.7;31.6339;REGULAR
01/03/2025;EXPORT FCL;MOCK-0103202503250007;PT. SUKSES SENTRAL;BUDIMAN;11485807.67;9514445.49;1971362.18;17.1635;NEW CUSTOMER
01/03/2025;EXPORT FCL;MOCK-0103202503250008;CV. CEMERLANG ANUGRAH;BUDIMAN;9260786.7;5716532.79;3544253.91;38.2716;NEW CUSTOMER
01/03/2025;EXPORT FCL;MOCK-0103202503250009;PT. MITRA SAMUDRA;BUDIMAN;41668901.67;35259788.79;6409112.88;15.381;REGULAR
01/03/2025;EXPORT FCL;MOCK-0103202503250010;CV. SEJATI BANGUNAN;BUDIMAN;2638785.62;2050558.24;588227.38;22.2916;REGULAR
01/03/2025;EXPORT FCL;MOCK-0103202503250011;CV. BAHARI KONSULTAN;BUDIMAN;13429061.67;11656132.41;1772929.26;13.2022;REGULAR
01/03/2025;EXPORT FCL;MOCK-0103202503250012;PT. CAHAYA TEKNIK;BUDIMAN;7167694.44;6626867.44;540827.0;7.5453;NEW CUSTOMER
01/03/2025;EXPORT FCL;MOCK-0103202503250013;PT. SUKSES NIAGA;BUDIMAN;2265783.52;1522335.84;743447.68;32.8119;REGULAR
01/03/2025;IMPORT FCL;MOCK-0103202503250001;PT. INDAH TEKNIK;BUDIMAN;2213693.43;1777052.14;436641.29;19.7246;REGULAR
01/03/2025;MDP;MOCK-0103202503250024;PT. PRIMA PERSADA;TEJAKUSUMA;2606885.64;2440334.75;166550.89;6.3889;REGULAR
01/03/2025;MDP;MOCK-0103202503250026;PT. BERKAH FURNITURE;FERNANDO;16415581.97;15509894.69;905687.28;5.5172;REGULAR
01/03/2025;MDP;MOCK-0103202503250027;PT. PRIMA PERSADA;TEJAKUSUMA;10172765.76;7243351.25;2929414.51;28.7966;REGULAR
01/03/2025;MDP;MOCK-0103202503250029;PT. PRIMA PERSADA;TEJAKUSUMA;1773833.93;1569178.33;204655.6;11.5375;REGULAR
01/03/2025;MDP;MOCK-0103202503250030;PT. BERKAH FURNITURE;FERNANDO;3310894.32;2849438.42;461455.9;13.9375;REGULAR
01/03/2025;MDP;MOCK-0103202503250031;CV. HARMONI PERKASA;HADI;4557265.96;4231282.33;325983.63;7.1531;REGULAR
01/03/2025;MDP;MOCK-0103202503250032;PT. SARI DAGANG;BUDIMAN;3043143.49;2535952.91;507190.58;16.6667;REGULAR
01/03/2025;MDP;MOCK-0103202503250033;PT. BERKAH FURNITURE;FERNANDO;5440779.4;4675669.8;765109.6;14.0625;REGULAR
01/03/2025;MDP;MOCK-0103202503250035;PT. BERKAH FURNITURE;FERNANDO;2995437.17;2621007.52;374429.65;12.5;REGULAR
01/04/2025;IMPORT AF;MOCK-0104202504250002;CV. PRIMA PERSADA;KUSUMA;17192615.56;17561685.91;-369070.35;-2.1467;NEW CUSTOMER
01/04/2025;IMPORT FCL;MOCK-0104202504250002;CV. PRIMA PERSADA;KUSUMA;5321486.16;4911887.99;409598.17;7.6971;NEW THIS MONTH
01/04/2025;IMPORT FCL;MOCK-0104202504250003;CV. PRIMA PERSADA;KUSUMA;6843140.03;6032170.97;810969.06;11.8508;NEW THIS MONTH
01/04/2025;IMPORT LCL;MOCK-0104202504250001;CV. PRIMA PERSADA;KUSUMA;19172948.42;17421539.69;1751408.73;9.1348;NEW THIS MONTH
01/04/2025;EXPORT FCL;MOCK-0104202504250001;PT. GLOBAL BANGUNAN;BUDIMAN;7444540.79;6568091.55;876449.24;11.773;REGULAR
01/04/2025;EXPORT FCL;MOCK-0104202504250001;PT. GLOBAL BANGUNAN;BUDIMAN;1160920.23;384337.73;776582.5;66.8937;REGULAR
01/04/2025;EXPORT FCL;MOCK-0104202504250002;CV. BAHARI KONSULTAN;BUDIMAN;11833348.91;11661348.72;172000.19;1.4535;REGULAR
01/04/2025;EXPORT LCL;MOCK-0104202504250015;CV. JAYA SENTRAL;BUDIMAN;3022155.58;2392404.46;629751.12;20.8378;NEW CUSTOMER
01/04/2025;MDP;MOCK-0104202504250045;PT. CAHAYA NIAGA;SANTOSO;16315956.78;14608529.26;1707427.52;10.4648;REGULAR
01/04/2025;MDP;MOCK-0104202504250046;PT. SEJATI KONSULTAN;SANTOSO;15327010.89;13444241.41;1882769.48;12.284;REGULAR
01/04/2025;MDP;MOCK-0104202504250047;PT. AGUNG LOGISTIK;SANTOSO;8009700.84;6250198.7;1759502.14;21.9671;REGULAR
01/04/2025;MDP;MOCK-0104202504250048;PT. AGUNG LOGISTIK;SANTOSO;46604757.29;41885267.56;4719489.73;10.1266;REGULAR
01/04/2025;MDP;MOCK-0104202504250049;PT. ASRI LOGISTIK;SANTOSO;348684555.24;323775659.69;24908895.55;7.1437;REGULAR
01/04/2025;MDP;MOCK-0104202504250050;CV. INDAH TEKNIK;SANTOSO;14103211.58;13051744.98;1051466.6;7.4555;REGULAR
01/04/2025;MDP;MOCK-0104202504250051;PT. AGUNG LOGISTIK;SANTOSO;63499390.71;57928731.02;5570659.69;8.7728;REGULAR
01/04/2025;MDP;MOCK-0104202504250052;PT. CAHAYA NIAGA;SANTOSO;83868123.24;73353341.07;10514782.17;12.5373;REGULAR
01/04/2025;MDP;MOCK-0104202504250053;PT. AGUNG LOGISTIK;SANTOSO;121934219.46;110931116.78;11003102.68;9.0238;REGULAR
01/04/2025;MDP;MOCK-0104202504250054;PT. ASRI LOGISTIK;SANTOSO;10344481.42;9473909.25;870572.17;8.4158;REGULAR
01/04/2025;MDP;MOCK-0104202504250055;PT. AGUNG LOGISTIK;SANTOSO;152118076.17;141174163.69;10943912.48;7.1944;REGULAR
01/04/2025;MDP;MOCK-0104202504250056;PT. SEJATI KONSULTAN;SANTOSO;13483193.99;11710765.17;1772428.82;13.1455;REGULAR
01/04/2025;MDP;MOCK-0104202504250036;CV. HARMONI PERKASA;HADI;4475685.58;4155537.43;320148.15;7.1531;REGULAR
01/05/2025;EXPORT AF;MOCK-0105202504250007;PT. JAYA LOGISTIK;FERNANDO;57579152.86;40123019.37;17456133.49;30.3168;REGULAR
01/05/2025;EXPORT AF;MOCK-0105202505250008;PT. BINTANG SENTRAL;FERNANDO;22146513.45;13562993.03;8583520.42;38.7579;REGULAR
01/05/2025;MDP;MOCK-0105202504250057;PT. AGUNG LOGISTIK;SANTOSO;67867927.21;60712039.97;7155887.24;10.5438;REGULAR
01/05/2025;MDP;MOCK-0105202504250058;PT. SEJATI KONSULTAN;SANTOSO;19467371.82;17177103.39;2290268.43;11.7647;REGULAR
01/05/2025;MDP;MOCK-0105202504250059;PT. AGUNG LOGISTIK;SANTOSO;11714932.93;10729026.13;985906.8;8.4158;REGULAR
01/05/2025;MDP;MOCK-0105202504250060;PT. AGUNG LOGISTIK;SANTOSO;52469343.02;46599174.95;5870168.07;11.1878;REGULAR
01/05/2025;MDP;MOCK-0105202505250061;PT. AGUNG LOGISTIK;SANTOSO;101596348.54;84845924.2;16750424.34;16.4872;REGULAR
01/05/2025;MDP;MOCK-0105202505250062;PT. AGUNG LOGISTIK;SANTOSO;253725582.99;240878238.15;12847344.84;5.0635;REGULAR
01/05/2025;MDP;MOCK-0105202505250063;PT. AGUNG LOGISTIK;SANTOSO;172722449.95;156342400.13;16380049.82;9.4835;REGULAR
01/05/2025;MDP;MOCK-0105202505250064;PT. SEJATI KONSULTAN;SANTOSO;17602271.28;15712326.2;1889945.08;10.7369;REGULAR
01/05/2025;MDP;MOCK-0105202505250065;PT. SEJATI KONSULTAN;SANTOSO;14320750.64;12496457.73;1824292.91;12.7388;REGULAR
01/05/2025;MDP;MOCK-0105202505250066;PT. INDAH BERKAT;SANTOSO;15847488.53;14193819.33;1653669.2;10.4349;NEW CUSTOMER
01/05/2025;MDP;MOCK-0105202505250067;PT. AGUNG LOGISTIK;SANTOSO;16359556.71;14366674.15;1992882.56;12.1818;REGULAR
01/05/2025;MDP;MOCK-0105202505250068;PT. ASRI LOGISTIK;SANTOSO;12649509.77;11438349.19;1211160.58;9.5748;REGULAR
01/05/2025;MDP;MOCK-0105202505250069;PT. AGUNG LOGISTIK;SANTOSO;104571086.54;92843205.47;11727881.07;11.2152;REGULAR
01/05/2025;MDP;MOCK-0105202505250070;PT. AGUNG LOGISTIK;SANTOSO;78712980.42;71387124.57;7325855.85;9.307;REGULAR
01/05/2025;MDP;MOCK-0105202505250071;PT. AGUNG LOGISTIK;SANTOSO;12825166.58;11768572.39;1056594.19;8.2384;REGULAR
01/05/2025;MDP;MOCK-0105202505250072;PT. AGUNG LOGISTIK;SANTOSO;60462462.53;53874685.2;6587777.33;10.8956;REGULAR
01/05/2025;MDP;MOCK-0105202505250073;CV. CAHAYA ENERGI;SANTOSO;6331834.93;5073609.25;1258225.68;19.8714;NEW CUSTOMER
01/05/2025;MDP;MOCK-0105202505250074;PT. AGUNG LOGISTIK;SANTOSO;27806813.01;24617097.46;3189715.55;11.471;REGULAR
01/05/2025;MDP;MOCK-0105202505250075;CV. INDAH TEKNIK;SANTOSO;17151992.25;16047972.91;1104019.34;6.4367;REGULAR
01/05/2025;MDP;MOCK-0105202505250037;PT. BERKAH FURNITURE;FERNANDO;4835998.88;4490570.39;345428.49;7.1429;REGULAR
01/05/2025;MDP;MOCK-0105202505250038;PT. BERKAH FURNITURE;FERNANDO;2835104.95;2289892.46;545212.49;19.2308;REGULAR
01/05/2025;MDP;MOCK-0105202505250039;CV. AGUNG INDUSTRI;FERNANDO;109228425.26;98725692.06;10502733.2;9.6154;REGULAR
01/05/2025;MDP;MOCK-0105202505250040;CV. AGUNG INDUSTRI;FERNANDO;60757490.0;53879283.59;6878206.41;11.3208;REGULAR
01/05/2025;MDP;MOCK-0105202505250041;PT. BERKAH FURNITURE;FERNANDO;5143178.48;4525997.06;617181.42;12.0;REGULAR
01/05/2025;MDP;MOCK-0105202505250042;PT. BERKAH FURNITURE;FERNANDO;5561558.22;5215379.6;346178.62;6.2245;REGULAR
01/05/2025;MDP;MOCK-0105202505250043;CV. BINTANG FURNITURE;BUDIMAN;815420.57;500607.64;314812.93;38.6074;REGULAR
01/05/2025;EXPORT FCL;MOCK-0105202505250017;PT. SUKSES SENTRAL;BUDIMAN;4290252.14;4005712.28;284539.86;6.6322;REGULAR
01/05/2025;EXPORT FCL;MOCK-0105202505250018;PT. BERSAMA PERKASA;BUDIMAN;98006345.85;82847348.5;15158997.35;15.4674;REGULAR
01/05/2025;EXPORT FCL;MOCK-0105202505250019;CV. BINTANG BANGUNAN;KUSUMA;8562255.99;7337785.29;1224470.7;14.3008;NEW CUSTOMER
01/05/2025;IMPORT FCL;MOCK-0105202505250004;CV. AGUNG INDUSTRI;FERNANDO;43243633.94;24981653.85;18261980.09;42.2304;REGULAR
01/05/2025;IMPORT FCL;MOCK-0105202505250005;PT. INDAH TEKNIK;BUDIMAN;2092120.77;1590011.78;502108.99;24.0;REGULAR
01/06/2025;EXPORT AF;MOCK-0106202506250009;PT. BINTANG LOGISTIK;FERNANDO;6641913.42;5988638.17;653275.25;9.8356;REGULAR
01/06/2025;EXPORT AF;MOCK-0106202506250010;CV. SEJATI KREASI;FERNANDO;271723776.45;218246248.28;53477528.17;19.6808;REGULAR
01/06/2025;EXPORT LCL;MOCK-0106202505250020;PT. JAYA LOGISTIK;FERNANDO;42552562.58;22980900.01;19571662.57;45.9941;REGULAR
01/06/2025;EXPORT FCL;MOCK-0106202506250021;PT. GLOBAL BANGUNAN;BUDIMAN;528728.98;459765.98;68963.0;13.0432;REGULAR
01/06/2025;EXPORT FCL;MOCK-0106202506250022;PT. SUKSES NIAGA;BUDIMAN;2823562.4;1975218.78;848343.62;30.0452;REGULAR
01/06/2025;EXPORT FCL;MOCK-0106202506250003;CV. BINTANG BANGUNAN;KUSUMA;156194.76;78097.38;78097.38;50.0;REGULAR
01/06/2025;EXPORT FCL;MOCK-0106202506250004;CV. BAHARI KONSULTAN;BUDIMAN;14423815.62;12685669.47;1738146.15;12.0505;REGULAR
01/06/2025;EXPORT FCL;MOCK-0106202506250005;PT. BINTANG ENERGI;BUDIMAN;1509584.92;1006389.94;503194.98;33.3333;NEW CUSTOMER
01/06/2025;EXPORT FCL;MOCK-0106202506250006;PT. GLOBAL BANGUNAN;BUDIMAN;1816542.93;1375382.5;441160.43;24.2857;REGULAR
01/06/2025;MDP;MOCK-0106202505250076;PT. AGUNG LOGISTIK;SANTOSO;13833519.56;12756812.68;1076706.88;7.7833;REGULAR
01/06/2025;MDP;MOCK-0106202505250077;PT. AGUNG LOGISTIK;SANTOSO;52601999.13;47926960.61;4675038.52;8.8876;REGULAR
01/06/2025;MDP;MOCK-0106202505250078;PT. AGUNG LOGISTIK;SANTOSO;14068170.32;12631263.29;1436907.03;10.2139;REGULAR
01/06/2025;MDP;MOCK-0106202505250079;CV. INDAH TEKNIK;SANTOSO;14465655.91;13068791.18;1396864.73;9.6564;REGULAR
01/06/2025;MDP;MOCK-0106202506250080;PT. GLOBAL INDUSTRI;KUSUMA;12482120.57;11400466.36;1081654.21;8.6656;NEW CUSTOMER
01/06/2025;MDP;MOCK-0106202506250081;PT. CAHAYA NIAGA;SANTOSO;86439311.24;76413943.35;10025367.89;11.5982;REGULAR
01/06/2025;MDP;MOCK-0106202506250082;PT. AGUNG LOGISTIK;SANTOSO;12698096.49;12053245.19;644851.3;5.0783;REGULAR
01/06/2025;MDP;MOCK-0106202506250083;PT. AGUNG LOGISTIK;SANTOSO;10366878.24;9554180.79;812697.45;7.8394;REGULAR
01/06/2025;MDP;MOCK-0106202506250084;PT. ASRI LOGISTIK;SANTOSO;75883687.8;71782504.75;4101183.05;5.4046;REGULAR
01/06/2025;MDP;MOCK-0106202506250085;PT. ASRI LOGISTIK;SANTOSO;16070686.14;14586612.0;1484074.14;9.2347;REGULAR
01/06/2025;MDP;MOCK-0106202506250086;CV. SUKSES LOGISTIK;SANTOSO;14874726.17;13360659.23;1514066.94;10.1788;NEW CUSTOMER
01/06/2025;MDP;MOCK-0106202506250087;PT. ASRI LOGISTIK;SANTOSO;14040835.67;12723253.61;1317582.06;9.3839;REGULAR
01/06/2025;MDP;MOCK-0106202506250088;PT. SEJATI KONSULTAN;SANTOSO;16428928.79;14289984.05;2138944.74;13.0194;REGULAR
01/06/2025;MDP;MOCK-0106202506250089;PT. AGUNG LOGISTIK;SANTOSO;10991045.99;9859416.91;1131629.08;10.2959;REGULAR
01/06/2025;MDP;MOCK-0106202506250090;PT. AGUNG LOGISTIK;SANTOSO;72531004.84;65341108.8;7189896.04;9.9129;REGULAR
01/06/2025;MDP;MOCK-0106202506250091;PT. BERKAH ENERGI;SANTOSO;28479990.57;25558663.45;2921327.12;10.2575;REGULAR
01/06/2025;MDP;MOCK-0106202506250092;PT. AGUNG LOGISTIK;SANTOSO;111479604.26;103061396.85;8418207.41;7.5513;REGULAR
01/06/2025;MDP;MOCK-0106202506250093;PT. CAHAYA NIAGA;SANTOSO;32653024.08;29634094.64;3018929.44;9.2455;REGULAR
01/06/2025;MDP;MOCK-0106202506250094;PT. AGUNG LOGISTIK;SANTOSO;183458643.58;172296409.82;11162233.76;6.0843;REGULAR
01/06/2025;MDP;MOCK-0106202506250095;PT. CAHAYA NIAGA;SANTOSO;70187890.51;62944027.99;7243862.52;10.3207;REGULAR
01/06/2025;MDP;MOCK-0106202506250096;PT. BERKAH ENERGI;SANTOSO;14951036.29;13431198.96;1519837.33;10.1654;REGULAR
01/06/2025;MDP;MOCK-0106202506250097;PT. GLOBAL INDUSTRI;KUSUMA;11587611.78;10703926.78;883685.0;7.6261;NEW THIS MONTH
01/06/2025;MDP;MOCK-0106202506250098;PT. AGUNG LOGISTIK;SANTOSO;12806019.76;11405184.57;1400835.19;10.9389;REGULAR
01/06/2025;MDP;MOCK-0106202506250099;PT. ASRI LOGISTIK;SANTOSO;14365994.02;12839424.91;1526569.11;10.6263;REGULAR
01/06/2025;MDP;MOCK-0106202506250100;PT. AGUNG LOGISTIK;SANTOSO;15539288.46;13923990.44;1615298.02;10.3949;REGULAR
01/06/2025;MDP;MOCK-0106202506250101;PT. ASRI LOGISTIK;SANTOSO;32163611.54;29599692.22;2563919.32;7.9715;REGULAR
01/06/2025;MDP;MOCK-0106202506250102;PT. BERKAH ENERGI;SANTOSO;102478589.42;90468813.53;12009775.89;11.7193;REGULAR
01/06/2025;MDP;MOCK-0106202506250103;PT. AGUNG LOGISTIK;SANTOSO;13993810.26;12780777.93;1213032.33;8.6683;REGULAR
01/06/2025;MDP;MOCK-0106202506250104;PT. AGUNG LOGISTIK;SANTOSO;15513470.05;14101741.46;1411728.59;9.1;REGULAR
01/06/2025;MDP;MOCK-0106202506250105;PT. ASRI LOGISTIK;SANTOSO;191335918.7;173021881.99;18314036.71;9.5717;REGULAR
01/06/2025;MDP;MOCK-0106202506250044;PT. BERKAH FURNITURE;FERNANDO;12887197.21;11495379.91;1391817.3;10.8;REGULAR
01/06/2025;MDP;MOCK-0106202506250045;CV. AGUNG INDUSTRI;FERNANDO;21502517.25;18754032.43;2748484.82;12.7822;REGULAR
01/06/2025;MDP;MOCK-0106202506250046;CV. AGUNG INDUSTRI;FERNANDO;21270946.69;18523467.21;2747479.48;12.9166;REGULAR
01/06/2025;MDP;MOCK-0106202506250047;CV. AGUNG INDUSTRI;FERNANDO;22603247.79;19660995.41;2942252.38;13.0169;REGULAR
01/06/2025;MDP;MOCK-0106202506250048;CV. AGUNG INDUSTRI;FERNANDO;19532735.76;16956613.42;2576122.34;13.1887;REGULAR
01/06/2025;MDP;MOCK-0106202506250049;CV. AGUNG INDUSTRI;FERNANDO;125035310.5;110297308.12;14738002.38;11.7871;REGULAR
01/06/2025;MDP;MOCK-0106202506250050;PT. BERKAH FURNITURE;FERNANDO;9905180.12;9009498.94;895681.18;9.0426;REGULAR
01/07/2025;EXPORT FCL;MOCK-0107202506250024;CV. MITRA BUANA;BUDIMAN;51936901.73;49431329.72;2505572.01;4.8243;REGULAR
01/07/2025;MDP;MOCK-0107202506250106;PT. CAHAYA NIAGA;SANTOSO;39503853.48;35018956.93;4484896.55;11.3531;REGULAR
01/07/2025;MDP;MOCK-0107202506250107;PT. GLOBAL LOGISTIK;SANTOSO;19784752.42;18067995.31;1716757.11;8.6772;NEW CUSTOMER
01/07/2025;MDP;MOCK-0107202506250108;CV. INDAH TEKNIK;SANTOSO;13267214.37;12186104.39;1081109.98;8.1487;REGULAR
01/07/2025;MDP;MOCK-0107202506250109;PT. AGUNG LOGISTIK;SANTOSO;31172090.1;27788129.35;3383960.75;10.8557;REGULAR
01/07/2025;MDP;MOCK-0107202506250110;PT. SUKSES KREASI;SANTOSO;12901055.25;11026455.67;1874599.58;14.5306;REGULAR
01/07/2025;MDP;MOCK-0107202506250111;PT. ASRI LOGISTIK;SANTOSO;56694163.7;49566341.9;7127821.8;12.5724;REGULAR
01/07/2025;MDP;MOCK-0107202507250001;CV. AGUNG INDUSTRI;FERNANDO;3618577.46;2650225.75;968351.71;26.7606;REGULAR
01/07/2025;MDP;MOCK-0107202507250002;PT. CAHAYA NIAGA;SANTOSO;13241184.49;12262686.47;978498.02;7.3898;REGULAR
01/07/2025;MDP;MOCK-0107202507250003;PT. BERKAH ENERGI;SANTOSO;31356949.94;27744356.32;3612593.62;11.5209;REGULAR
01/07/2025;MDP;MOCK-0107202507250004;PT. AGUNG LOGISTIK;SANTOSO;38236208.79;34153378.34;4082830.45;10.6779;REGULAR
01/07/2025;MDP;MOCK-0107202507250005;CV. INDAH TEKNIK;SANTOSO;14764088.75;13198199.7;1565889.05;10.6061;REGULAR
01/07/2025;MDP;MOCK-0107202507250006;PT. GLOBAL INDUSTRI;KUSUMA;14974276.88;13448617.47;1525659.41;10.1885;REGULAR
01/07/2025;MDP;MOCK-0107202507250007;PT. AGUNG LOGISTIK;SANTOSO;55288236.98;51408964.64;3879272.34;7.0165;REGULAR
01/07/2025;MDP;MOCK-0107202507250008;CV. AGUNG INDUSTRI;FERNANDO;47501900.43;42020911.92;5480988.51;11.5385;REGULAR
01/07/2025;MDP;MOCK-0107202507250009;CV. SEJATI BANGUNAN;BUDIMAN;1327275.24;948053.74;379221.5;28.5714;REGULAR
01/07/2025;MDP;MOCK-0107202507250010;PT. SUKSES PERSADA;SANTOSO;15786211.24;14233391.27;1552819.97;9.8366;NEW CUSTOMER
01/07/2025;MDP;MOCK-0107202507250011;PT. AGUNG LOGISTIK;SANTOSO;27834961.31;24359438.27;3475523.04;12.4862;REGULAR
01/07/2025;MDP;MOCK-0107202507250012;PT. CAHAYA NIAGA;SANTOSO;98410754.61;89820106.4;8590648.21;8.7294;REGULAR
01/07/2025;MDP;MOCK-0107202507250013;PT. AGUNG LOGISTIK;SANTOSO;15770395.83;14723339.85;1047055.98;6.6394;REGULAR
01/07/2025;MDP;MOCK-0107202507250014;CV. PRIMA TRANSPORT;BUDIMAN;2684476.23;2314203.65;370272.58;13.7931;NEW CUSTOMER
01/07/2025;MDP;MOCK-0107202507250015;PT. BERKAH ENERGI;SANTOSO;26297709.7;23330079.2;2967630.5;11.2847;REGULAR
01/07/2025;MDP;MOCK-0107202507250016;PT. SUKSES PERSADA;SANTOSO;51862388.16;45294863.96;6567524.2;12.6634;NEW THIS MONTH
01/07/2025;MDP;MOCK-0107202507250017;PT. ABADI SENTRAL;BUDIMAN;4574342.64;2683028.9;1891313.74;41.3461;NEW CUSTOMER
01/07/2025;MDP;MOCK-0107202507250018;PT. GLOBAL BANGUNAN;BUDIMAN;689983.41;517487.56;172495.85;25.0;REGULAR
01/07/2025;MDP;MOCK-0107202507250019;PT. AGUNG LOGISTIK;SANTOSO;40239855.25;38065825.79;2174029.46;5.4027;REGULAR
01/07/2025;MDP;MOCK-0107202507250020;PT. ASRI LOGISTIK;SANTOSO;11783869.82;10363693.69;1420176.13;12.0519;REGULAR
01/07/2025;MDP;MOCK-0107202507250021;PT. BERKAH ENERGI;SANTOSO;48909266.66;42774055.66;6135211.0;12.5441;REGULAR
01/07/2025;MDP;MOCK-0107202507250022;CV. AGUNG INDUSTRI;FERNANDO;27183686.31;24047107.12;3136579.19;11.5385;REGULAR
01/07/2025;MDP;MOCK-0107202507250026;CV. AGUNG INDUSTRI;FERNANDO;9686429.65;6995754.75;2690674.9;27.7778;REGULAR
01/07/2025;MDP;MOCK-0107202507250028;PT. HARMONI ANUGRAH;PRASETYO;561267.99;170232.53;391035.46;69.67;NEW CUSTOMER
01/07/2025;MDP;MOCK-0107202507250029;CV. AGUNG INDUSTRI;FERNANDO;83702354.83;72784656.38;10917698.45;13.0435;REGULAR
01/08/2025;EXPORT AF;MOCK-0108202508250001;PT. SUKSES BANGUNAN;FERNANDO;55888748.02;39135030.99;16753717.03;29.9769;REGULAR
01/08/2025;EXPORT AF;MOCK-0108202508250002;PT. JAYA LOGISTIK;FERNANDO;15770248.66;10526055.83;5244192.83;33.2537;REGULAR
01/08/2025;EXPORT FCL;MOCK-0108202508250001;PT. MITRA SAMUDRA;BUDIMAN;47845261.52;45689388.99;2155872.53;4.5059;REGULAR
01/08/2025;EXPORT FCL;MOCK-0108202508250002;CV. CEMERLANG ANUGRAH;BUDIMAN;44437314.08;37219780.67;7217533.41;16.2421;REGULAR
01/08/2025;EXPORT LCL;MOCK-0108202507250001;PT. JAYA LOGISTIK;FERNANDO;31251154.22;16137281.25;15113872.97;48.3626;REGULAR
01/08/2025;EXPORT LCL;MOCK-0108202508250001;CV. CEMERLANG LOGISTIK;FERNANDO;47806684.53;40260813.29;7545871.24;15.7841;REGULAR
01/08/2025;MDP;MOCK-0108202507250023;PT. BERKAH ENERGI;SANTOSO;63317809.5;54439715.31;8878094.19;14.0215;REGULAR
01/08/2025;MDP;MOCK-0108202507250024;PT. ASRI LOGISTIK;SANTOSO;82260481.19;70405405.83;11855075.36;14.4116;REGULAR
01/08/2025;MDP;MOCK-0108202507250027;PT. MULIA KREASI;SANTOSO;14782977.41;12885619.47;1897357.94;12.8347;NEW CUSTOMER
01/08/2025;MDP;MOCK-0108202507250030;PT. ASRI LOGISTIK;SANTOSO;101481820.72;94099197.51;7382623.21;7.2748;REGULAR
01/08/2025;MDP;MOCK-0108202507250031;PT. ASRI LOGISTIK;SANTOSO;79063996.1;69851740.26;9212255.84;11.6516;REGULAR
01/08/2025;MDP;MOCK-0108202508250001;CV. MULIA KREASI;BUDIMAN;43455684.6;37477220.91;5978463.69;13.7576;NEW CUSTOMER
01/08/2025;MDP;MOCK-0108202508250002;PT. BAHARI KONSULTAN;KUSUMA;65692631.62;49383386.6;16309245.02;24.8266;NEW CUSTOMER
01/08/2025;MDP;MOCK-0108202508250003;CV. BINTANG BANGUNAN;KUSUMA;14633522.67;13932717.88;700804.79;4.789;REGULAR
01/08/2025;MDP;MOCK-0108202508250004;CV. AGUNG INDUSTRI;FERNANDO;140306310.36;124422577.11;15883733.25;11.3208;REGULAR
01/08/2025;MDP;MOCK-0108202508250005;PT. ASRI LOGISTIK;SANTOSO;39194760.29;35493487.38;3701272.91;9.4433;REGULAR
01/08/2025;MDP;MOCK-0108202508250006;PT. BERKAH ENERGI;SANTOSO;57492552.28;49930858.86;7561693.42;13.1525;REGULAR
01/08/2025;MDP;MOCK-0108202508250007;PT. INDAH TEKNIK;BUDIMAN;2053748.16;1369165.44;684582.72;33.3333;REGULAR
01/08/2025;MDP;MOCK-0108202508250008;PT. BAHARI KONSULTAN;KUSUMA;73706879.97;59796640.05;13910239.92;18.8724;NEW THIS MONTH
01/08/2025;MDP;MOCK-0108202508250009;PT. GLOBAL DISTRIBUSI;SANTOSO;436484.4;0.0;436484.4;100.0;NEW CUSTOMER
01/08/2025;MDP;MOCK-0108202508250010;PT. BERKAH FURNITURE;FERNANDO;3193513.23;2661261.03;532252.2;16.6667;REGULAR
01/08/2025;MDP;MOCK-0108202508250011;PT. GLOBAL BANGUNAN;BUDIMAN;654599.21;370939.55;283659.66;43.3333;REGULAR
01/08/2025;MDP;MOCK-0108202508250012;PT. BAHARI KONSULTAN;KUSUMA;64530531.18;50370287.18;14160244.0;21.9435;NEW THIS MONTH
01/08/2025;MDP;MOCK-0108202508250013;PT. AGUNG LOGISTIK;SANTOSO;59558870.48;52478592.76;7080277.72;11.8879;REGULAR
01/08/2025;MDP;MOCK-0108202508250014;PT. BERKAH ENERGI;SANTOSO;26478080.68;23278758.87;3199321.81;12.0829;REGULAR
01/08/2025;MDP;MOCK-0108202508250015;PT. CAHAYA NIAGA;SANTOSO;50342302.25;45743719.75;4598582.5;9.1346;REGULAR
01/08/2025;MDP;MOCK-0108202508250016;CV. AGUNG INDUSTRI;FERNANDO;29284831.25;25969567.34;3315263.91;11.3208;REGULAR
01/08/2025;MDP;MOCK-0108202508250017;PT. AGUNG LOGISTIK;SANTOSO;45239844.48;39834875.14;5404969.34;11.9474;REGULAR
01/08/2025;MDP;MOCK-0108202508250018;PT. BERKAH FURNITURE;FERNANDO;4431582.6;3988424.34;443158.26;10.0;REGULAR
01/08/2025;MDP;MOCK-0108202508250019;CV. AGUNG INDUSTRI;FERNANDO;26338526.03;22903066.11;3435459.92;13.0435;REGULAR
01/08/2025;MDP;MOCK-0108202508250020;PT. SARI DAGANG;BUDIMAN;3420510.75;3037413.69;383097.06;11.2;REGULAR
01/08/2025;MDP;MOCK-0108202508250021;PT. AGUNG LOGISTIK;SANTOSO;73803560.92;65764601.7;8038959.22;10.8924;REGULAR
01/08/2025;MDP;MOCK-0108202508250022;PT. SARI DAGANG;BUDIMAN;396694.23;293554.02;103140.21;25.9999;REGULAR
01/08/2025;MDP;MOCK-0108202508250023;PT. BAHARI KONSULTAN;KUSUMA;40080841.66;31368756.5;8712085.16;21.7363;NEW THIS MONTH
01/08/2025;MDP;MOCK-0108202508250024;PT. BAHARI KONSULTAN;KUSUMA;47384583.61;36376499.68;11008083.93;23.2314;NEW THIS MONTH
01/08/2025;MDP;MOCK-0108202508250025;PT. ASRI LOGISTIK;SANTOSO;55390027.25;49285113.99;6104913.26;11.0217;REGULAR
01/08/2025;MDP;MOCK-0108202508250026;PT. AGUNG LOGISTIK;SANTOSO;17048480.58;15567656.18;1480824.4;8.686;REGULAR
01/08/2025;MDP;MOCK-0108202508250027;PT. BERKAH ENERGI;SANTOSO;49465368.39;43407357.32;6058011.07;12.247;REGULAR
01/08/2025;MDP;MOCK-0108202508250028;PT. BERKAH ENERGI;SANTOSO;92788131.02;80400490.21;12387640.81;13.3505;REGULAR
01/08/2025;MDP;MOCK-0108202508250029;PT. AGUNG LOGISTIK;SANTOSO;49650068.71;43059478.1;6590590.61;13.2741;REGULAR
01/08/2025;MDP;MOCK-0108202508250030;PT. AGUNG LOGISTIK;SANTOSO;14513872.88;13393494.09;1120378.79;7.7194;REGULAR
01/08/2025;MDP;MOCK-0108202508250031;PT. BERKAH ENERGI;SANTOSO;99103295.63;85720314.99;13382980.64;13.5041;REGULAR
01/08/2025;MDP;MOCK-0108202508250037;PT. BERKAH FURNITURE;FERNANDO;5310962.97;4779866.67;531096.3;10.0;REGULAR
01/09/2025;EXPORT AF;MOCK-0109202509250001;PT. JAYA LOGISTIK;FERNANDO;25987122.8;19823554.87;6163567.93;23.7178;REGULAR
01/09/2025;MDP;MOCK-0109202508250032;PT. BERKAH ENERGI;SANTOSO;16089126.0;14350558.51;1738567.49;10.8059;REGULAR
01/09/2025;MDP;MOCK-0109202508250033;PT. AGUNG LOGISTIK;SANTOSO;16908636.5;14701383.34;2207253.16;13.054;REGULAR
01/09/2025;MDP;MOCK-0109202508250034;PT. ASRI LOGISTIK;SANTOSO;13997601.93;12193630.74;1803971.19;12.8877;REGULAR
01/09/2025;MDP;MOCK-0109202508250035;PT. ASRI LOGISTIK;SANTOSO;60944342.85;56205962.48;4738380.37;7.7749;REGULAR
01/09/2025;MDP;MOCK-0109202508250036;PT. MULIA KREASI;SANTOSO;16607419.72;14777311.85;1830107.87;11.0198;REGULAR
01/09/2025;MDP;MOCK-0109202508250038;CV. BAHARI KONSULTAN;BUDIMAN;13226801.63;12137933.16;1088868.47;8.2323;REGULAR
01/09/2025;MDP;MOCK-0109202508250039;PT. CAHAYA NIAGA;SANTOSO;42631601.98;38272699.72;4358902.26;10.2246;REGULAR
01/09/2025;MDP;MOCK-0109202508250040;PT. AGUNG LOGISTIK;SANTOSO;24114955.03;20324334.58;3790620.45;15.719;REGULAR
01/09/2025;MDP;MOCK-0109202508250041;PT. ASRI LOGISTIK;SANTOSO;25955119.86;24024641.66;1930478.2;7.4378;REGULAR
01/09/2025;MDP;MOCK-0109202509250001;PT. AGUNG BERKAT;SANTOSO;6464817.83;4975719.29;1489098.54;23.0339;NEW CUSTOMER
01/09/2025;MDP;MOCK-0109202509250002;PT. BERKAH FURNITURE;FERNANDO;5496096.53;4946486.88;549609.65;10.0;REGULAR
01/09/2025;MDP;MOCK-0109202509250003;PT. SUKSES PERSADA;SANTOSO;31886011.95;29331946.14;2554065.81;8.01;REGULAR
01/09/2025;MDP;MOCK-0109202509250004;PT. AGUNG LOGISTIK;SANTOSO;108803263.73;99307688.48;9495575.25;8.7273;REGULAR
01/09/2025;MDP;MOCK-0109202509250005;PT. CAHAYA NIAGA;SANTOSO;57389263.15;51124547.18;6264715.97;10.9162;REGULAR
01/09/2025;MDP;MOCK-0109202509250006;PT. GLOBAL BANGUNAN;BUDIMAN;742059.4;346294.39;395765.01;53.3333;REGULAR
01/09/2025;MDP;MOCK-0109202509250008;PT. BERKAH FURNITURE;FERNANDO;5165497.56;4648947.8;516549.76;10.0;REGULAR
01/09/2025;MDP;MOCK-0109202509250009;CV. AGUNG INDUSTRI;FERNANDO;22165026.2;19273935.82;2891090.38;13.0435;REGULAR
01/09/2025;MDP;MOCK-0109202509250010;PT. AGUNG LOGISTIK;SANTOSO;38217062.49;34908506.74;3308555.75;8.6573;REGULAR
01/09/2025;MDP;MOCK-0109202509250011;PT. AGUNG LOGISTIK;SANTOSO;77074829.71;70107176.24;6967653.47;9.0401;REGULAR
01/09/2025;MDP;MOCK-0109202509250012;PT. BERKAH ENERGI;SANTOSO;42588202.99;38720251.08;3867951.91;9.0822;REGULAR
01/09/2025;MDP;MOCK-0109202509250013;PT. BERKAH FURNITURE;FERNANDO;4568179.78;4111361.8;456817.98;10.0;REGULAR
01/09/2025;MDP;MOCK-0109202509250014;PT. BERKAH FURNITURE;FERNANDO;5446748.54;4902073.68;544674.86;10.0;REGULAR
01/09/2025;MDP;MOCK-0109202509250015;CV. ABADI USAHA;PRASETYO;706307.09;243261.97;463045.12;65.5586;NEW CUSTOMER
01/09/2025;MDP;MOCK-0109202509250016;CV. AGUNG INDUSTRI;FERNANDO;25624207.86;22281919.88;3342287.98;13.0435;REGULAR
01/09/2025;MDP;MOCK-0109202509250017;PT. CAHAYA NIAGA;SANTOSO;16466444.54;15138690.12;1327754.42;8.0634;REGULAR
01/09/2025;MDP;MOCK-0109202509250018;PT. ASRI LOGISTIK;SANTOSO;26759185.73;23544972.78;3214212.95;12.0116;REGULAR
01/09/2025;MDP;MOCK-0109202509250019;PT. AGUNG LOGISTIK;SANTOSO;9618908.48;8263450.15;1355458.33;14.0916;REGULAR
01/09/2025;MDP;MOCK-0109202509250020;PT. AGUNG LOGISTIK;SANTOSO;16831138.78;14897187.33;1933951.45;11.4903;REGULAR
01/09/2025;MDP;MOCK-0109202509250021;PT. AGUNG LOGISTIK;SANTOSO;38457334.03;34560616.03;3896718.0;10.1326;REGULAR
01/09/2025;MDP;MOCK-0109202509250022;CV. AGUNG INDUSTRI;FERNANDO;24518515.18;21320447.98;3198067.2;13.0435;REGULAR
01/09/2025;MDP;MOCK-0109202509250023;PT. BERKAH ENERGI;SANTOSO;16954561.96;14819045.77;2135516.19;12.5955;REGULAR
01/09/2025;MDP;MOCK-0109202509250024;PT. CAHAYA NIAGA;SANTOSO;65238868.13;57823476.74;7415391.39;11.3665;REGULAR
01/09/2025;MDP;MOCK-0109202509250025;PT. BERKAH FURNITURE;FERNANDO;5285914.01;4757322.61;528591.4;10.0;REGULAR
01/09/2025;MDP;MOCK-0109202509250026;CV. SEJATI DAGANG;FERNANDO;6340908.03;5871211.14;469696.89;7.4074;REGULAR
01/09/2025;MDP;MOCK-0109202509250027;CV. BERKAH KONSULTAN;PRASETYO;11468333.61;9972464.01;1495869.6;13.0435;NEW CUSTOMER
01/09/2025;MDP;MOCK-0109202509250028;PT. BAHARI KONSULTAN;KUSUMA;68536431.21;57230734.4;11305696.81;16.4959;REGULAR
01/09/2025;MDP;MOCK-0109202509250029;PT. AGUNG LOGISTIK;SANTOSO;104203680.12;92205762.19;11997917.93;11.5139;REGULAR
01/09/2025;MDP;MOCK-0109202509250030;PT. ASRI LOGISTIK;SANTOSO;71251476.77;62837460.68;8414016.09;11.8089;REGULAR
01/09/2025;MDP;MOCK-0109202509250031;PT. GLOBAL BANGUNAN;BUDIMAN;5147878.68;3773081.69;1374796.99;26.7061;REGULAR
01/09/2025;MDP;MOCK-0109202509250032;PT. AGUNG LOGISTIK;SANTOSO;28693712.64;25978432.42;2715280.22;9.463;REGULAR
01/09/2025;MDP;MOCK-0109202509250033;CV. AGUNG INDUSTRI;FERNANDO;40978667.02;34831866.97;6146800.05;15.0;REGULAR
01/09/2025;MDP;MOCK-0109202509250034;PT. AGUNG LOGISTIK;SANTOSO;14423420.78;12885796.12;1537624.66;10.6606;REGULAR
01/09/2025;MDP;MOCK-0109202509250035;PT. AGUNG LOGISTIK;SANTOSO;13976135.07;13780662.41;195472.66;1.3986;REGULAR
01/09/2025;MDP;MOCK-0109202509250036;CV. BINTANG BANGUNAN;KUSUMA;9287685.87;7779854.51;1507831.36;16.2347;REGULAR
01/09/2025;MDP;MOCK-0109202509250037;PT. GLOBAL BANGUNAN;BUDIMAN;1277798.95;319449.74;958349.21;75.0;REGULAR
01/09/2025;MDP;MOCK-0109202509250038;PT. CAHAYA NIAGA;SANTOSO;43189831.33;39925873.83;3263957.5;7.5572;REGULAR
01/09/2025;MDP;MOCK-0109202509250039;PT. BERKAH FURNITURE;FERNANDO;10608564.83;9547708.34;1060856.49;10.0;REGULAR
01/09/2025;MDP;MOCK-0109202509250041;PT. AGUNG LOGISTIK;SANTOSO;13817135.2;12106574.07;1710561.13;12.38;REGULAR
01/09/2025;MDP;MOCK-0109202509250042;PT. AGUNG LOGISTIK;SANTOSO;12814931.6;11815776.64;999154.96;7.7968;REGULAR
01/09/2025;MDP;MOCK-0109202509250046;CV. AGUNG INDUSTRI;FERNANDO;5095631.4;3987885.44;1107745.96;21.7391;REGULAR
01/09/2025;MDP;MOCK-0109202509250047;PT. BERKAH FURNITURE;FERNANDO;2723325.86;2269438.22;453887.64;16.6667;REGULAR
01/09/2025;MDP;MOCK-0109202509250048;PT. BERKAH FURNITURE;FERNANDO;2657599.27;2214666.06;442933.21;16.6667;REGULAR
01/09/2025;MDP;MOCK-0109202509250049;CV. BINTANG FURNITURE;BUDIMAN;1263448.99;985490.21;277958.78;22.0;REGULAR
01/10/2025;EXPORT AF;MOCK-0110202510250001;CV. SEJATI KREASI;FERNANDO;202787493.97;171677315.49;31110178.48;15.3413;REGULAR
01/10/2025;EXPORT AF;MOCK-0110202510250002;CV. CEMERLANG ENERGI;KUSUMA;8459856.31;7473717.86;986138.45;11.6567;NEW CUSTOMER
01/10/2025;EXPORT AF;MOCK-0110202510250003;CV. BAHARI SAMUDRA;FERNANDO;4343811.51;3004071.62;1339739.89;30.8425;REGULAR
01/10/2025;EXPORT FCL;MOCK-0110202509250001;CV. MITRA BUANA;BUDIMAN;35045577.83;28494848.96;6550728.87;18.692;REGULAR
01/10/2025;EXPORT FCL;MOCK-0110202509250002;CV. GLOBAL USAHA;FERNANDO;33256506.66;29977225.98;3279280.68;9.8606;REGULAR
01/10/2025;EXPORT FCL;MOCK-0110202509250003;CV. MITRA BUANA;BUDIMAN;60349455.24;57117029.84;3232425.4;5.3562;REGULAR
01/10/2025;EXPORT FCL;MOCK-0110202510250001;PT. MANDIRI TRANSPORT;BUDIMAN;69934800.0;62856791.83;7078008.17;10.1209;NEW CUSTOMER
01/10/2025;EXPORT FCL;MOCK-0110202510250002;PT. ABADI BANGUNAN;BUDIMAN;28188812.6;20811403.84;7377408.76;26.1714;REGULAR
01/10/2025;EXPORT FCL;MOCK-0110202510250003;CV. MITRA BUANA;BUDIMAN;32389808.23;22577814.0;9811994.23;30.2935;REGULAR
01/10/2025;EXPORT LCL;MOCK-0110202510250001;CV. BINTANG ENERGI;FERNANDO;13433344.64;6166290.82;7267053.82;54.0971;REGULAR
01/10/2025;MDP;MOCK-0110202509250043;PT. AGUNG LOGISTIK;SANTOSO;218707600.33;196890081.97;21817518.36;9.9757;REGULAR
01/10/2025;MDP;MOCK-0110202509250044;PT. BAHARI KONSULTAN;KUSUMA;68962416.93;54800238.96;14162177.97;20.5361;REGULAR
01/10/2025;MDP;MOCK-0110202509250045;CV. BINTANG BANGUNAN;KUSUMA;4741057.03;3763269.12;977787.91;20.6238;REGULAR
01/10/2025;MDP;MOCK-0110202509250050;PT. AGUNG LOGISTIK;SANTOSO;14489107.04;13283652.69;1205454.35;8.3197;REGULAR
01/10/2025;MDP;MOCK-0110202509250051;PT. CAHAYA NIAGA;SANTOSO;14477751.06;13251618.36;1226132.7;8.4691;REGULAR
01/10/2025;MDP;MOCK-0110202509250052;PT. BERKAH ENERGI;SANTOSO;17173872.07;15066785.04;2107087.03;12.2691;REGULAR
01/10/2025;MDP;MOCK-0110202509250053;PT. BERKAH ENERGI;SANTOSO;76778425.03;66621656.25;10156768.78;13.2287;REGULAR
01/10/2025;MDP;MOCK-0110202509250054;PT. BERKAH ENERGI;SANTOSO;16763208.26;14729585.88;2033622.38;12.1315;REGULAR
01/10/2025;MDP;MOCK-0110202509250055;PT. CAHAYA NIAGA;SANTOSO;41188676.88;37963249.68;3225427.2;7.8309;REGULAR
01/10/2025;MDP;MOCK-0110202509250056;PT. AGUNG LOGISTIK;SANTOSO;107648624.35;97589668.85;10058955.5;9.3442;REGULAR
01/10/2025;MDP;MOCK-0110202510250001;CV. BAHARI SAMUDRA;FERNANDO;7280024.34;5285497.12;1994527.22;27.3973;REGULAR
01/10/2025;MDP;MOCK-0110202510250002;PT. CEMERLANG BUANA;FERNANDO;1935505.86;1348855.07;586650.79;30.3099;REGULAR
01/10/2025;MDP;MOCK-0110202510250003;CV. SEJATI BANGUNAN;BUDIMAN;1686661.79;1175552.16;511109.63;30.303;REGULAR
01/10/2025;MDP;MOCK-0110202510250004;PT. AGUNG LOGISTIK;SANTOSO;28225113.47;25426399.32;2798714.15;9.9157;REGULAR
01/10/2025;MDP;MOCK-0110202510250005;PT. AGUNG LOGISTIK;SANTOSO;14571819.33;13147916.74;1423902.59;9.7716;REGULAR
01/10/2025;MDP;MOCK-0110202510250006;PT. KARYA TRANSPORT;SANTOSO;14775074.55;13461946.33;1313128.22;8.8875;NEW CUSTOMER
01/10/2025;MDP;MOCK-0110202510250007;PT. BERKAH FURNITURE;FERNANDO;2250073.84;1903908.63;346165.21;15.3846;REGULAR
01/10/2025;MDP;MOCK-0110202510250008;PT. SARI DAGANG;BUDIMAN;3135997.32;2434486.02;701511.3;22.3696;REGULAR
01/10/2025;MDP;MOCK-0110202510250009;CV. BAHARI KONSULTAN;BUDIMAN;13499733.32;12088057.51;1411675.81;10.4571;REGULAR
01/10/2025;MDP;MOCK-0110202510250010;PT. AGUNG LOGISTIK;SANTOSO;16487484.8;14510670.27;1976814.53;11.9898;REGULAR
01/10/2025;MDP;MOCK-0110202510250011;PT. AGUNG LOGISTIK;SANTOSO;29557405.06;26156921.79;3400483.27;11.5047;REGULAR
01/10/2025;MDP;MOCK-0110202510250012;PT. BAHARI KONSULTAN;KUSUMA;82861341.85;68827843.82;14033498.03;16.9361;REGULAR
01/10/2025;MDP;MOCK-0110202510250013;PT. SUKSES PERSADA;SANTOSO;34936049.42;30621701.33;4314348.09;12.3493;REGULAR
01/10/2025;MDP;MOCK-0110202510250014;PT. ASRI LOGISTIK;SANTOSO;276529676.46;257171139.23;19358537.23;7.0005;REGULAR
01/10/2025;MDP;MOCK-0110202510250015;PT. BERKAH ENERGI;SANTOSO;54517479.54;47450873.89;7066605.65;12.9621;REGULAR
01/10/2025;MDP;MOCK-0110202510250016;PT. CAHAYA NIAGA;SANTOSO;15821933.21;14457508.16;1364425.05;8.6236;REGULAR
01/10/2025;MDP;MOCK-0110202510250017;PT. CAHAYA NIAGA;SANTOSO;69818297.5;63195442.93;6622854.57;9.4858;REGULAR
01/10/2025;MDP;MOCK-0110202510250018;PT. AGUNG LOGISTIK;SANTOSO;16580970.26;15230547.17;1350423.09;8.1444;REGULAR
01/10/2025;MDP;MOCK-0110202510250019;PT. AGUNG LOGISTIK;SANTOSO;26277017.31;22935368.64;3341648.67;12.717;REGULAR
01/10/2025;MDP;MOCK-0110202510250020;PT. BERKAH ENERGI;SANTOSO;15159772.12;13588802.89;1570969.23;10.3627;REGULAR
01/10/2025;MDP;MOCK-0110202510250021;CV. TUNAS PERSADA;PRASETYO;3095685.89;1547842.94;1547842.95;50.0;NEW CUSTOMER
01/10/2025;MDP;MOCK-0110202510250022;CV. BINTANG BANGUNAN;KUSUMA;10002444.69;8503756.66;1498688.03;14.9832;REGULAR
01/10/2025;MDP;MOCK-0110202510250023;CV. AGUNG INDUSTRI;FERNANDO;26613478.09;23860359.67;2753118.42;10.3448;REGULAR
01/10/2025;MDP;MOCK-0110202510250024;PT. AGUNG LOGISTIK;SANTOSO;15136429.84;13950836.29;1185593.55;7.8327;REGULAR
01/10/2025;MDP;MOCK-0110202510250025;CV. AGUNG INDUSTRI;FERNANDO;307368153.91;263036208.64;44331945.27;14.4231;REGULAR
01/10/2025;MDP;MOCK-0110202510250026;PT. INDAH DAGANG;PRASETYO;6191742.7;5208926.4;982816.3;15.873;NEW CUSTOMER
01/10/2025;MDP;MOCK-0110202510250027;PT. SUKSES ANUGRAH;SANTOSO;20823887.25;18262880.1;2561007.15;12.2984;REGULAR
01/10/2025;MDP;MOCK-0110202510250028;PT. AGUNG LOGISTIK;SANTOSO;16564131.04;14190800.03;2373331.01;14.3281;REGULAR
01/10/2025;MDP;MOCK-0110202510250029;PT. AGUNG LOGISTIK;SANTOSO;14343082.7;13024405.86;1318676.84;9.1938;REGULAR
01/10/2025;MDP;MOCK-0110202510250030;PT. AGUNG LOGISTIK;SANTOSO;14350460.14;13293761.54;1056698.6;7.3635;REGULAR
01/10/2025;MDP;MOCK-0110202510250031;CV. MAJU LOGISTIK;PRASETYO;5108255.13;4468279.0;639976.13;12.5283;NEW CUSTOMER
01/10/2025;MDP;MOCK-0110202510250032;PT. AGUNG LOGISTIK;SANTOSO;15693369.11;14319061.86;1374307.25;8.7572;REGULAR
01/10/2025;MDP;MOCK-0110202510250039;CV. MAJU LOGISTIK;PRASETYO;5048711.43;4310252.83;738458.6;14.6267;NEW THIS MONTH
01/10/2025;MDP;MOCK-0110202510250040;CV. BINTANG FURNITURE;BUDIMAN;3813566.03;3091907.96;721658.07;18.9234;REGULAR
01/11/2025;EXPORT AF;MOCK-0111202510250004;PT. BINTANG SENTRAL;FERNANDO;30595803.21;18366987.63;12228815.58;39.9689;REGULAR
01/11/2025;EXPORT FCL;MOCK-0111202511250001;PT. SARI ANUGRAH;BUDIMAN;44419683.34;35040324.65;9379358.69;21.1153;REGULAR
01/11/2025;IMPORT LCL;MOCK-0111202511250001;PT. INDAH TEKNIK;BUDIMAN;581412.64;89711.71;491700.93;84.57;REGULAR
01/11/2025;MDP;MOCK-0111202510250033;PT. AGUNG LOGISTIK;SANTOSO;25877525.26;22841385.57;3036139.69;11.7327;REGULAR
01/11/2025;MDP;MOCK-0111202510250034;PT. BERKAH ENERGI;SANTOSO;98730194.35;84438943.33;14291251.02;14.4751;REGULAR
01/11/2025;MDP;MOCK-0111202510250035;CV. INDAH TEKNIK;SANTOSO;12707340.09;11750126.63;957213.46;7.5328;REGULAR
01/11/2025;MDP;MOCK-0111202510250036;PT. BERKAH ENERGI;SANTOSO;30402289.37;25968583.3;4433706.07;14.5835;REGULAR
01/11/2025;MDP;MOCK-0111202510250037;PT. AGUNG LOGISTIK;SANTOSO;29491748.35;25804342.01;3687406.34;12.5032;REGULAR
01/11/2025;MDP;MOCK-0111202510250038;PT. AGUNG LOGISTIK;SANTOSO;51922013.65;46967164.02;4954849.63;9.5429;REGULAR
01/11/2025;MDP;MOCK-0111202510250041;PT. AGUNG LOGISTIK;SANTOSO;25464293.02;23293551.84;2170741.18;8.5246;REGULAR
01/11/2025;MDP;MOCK-0111202510250042;CV. INDAH TEKNIK;SANTOSO;15863016.49;14304859.82;1558156.67;9.8226;REGULAR
01/11/2025;MDP;MOCK-0111202510250043;PT. BERKAH ENERGI;SANTOSO;16789654.15;14678560.76;2111093.39;12.5738;REGULAR
01/11/2025;MDP;MOCK-0111202510250044;PT. AGUNG LOGISTIK;SANTOSO;110060968.81;97099218.69;12961750.12;11.7769;REGULAR
01/11/2025;MDP;MOCK-0111202511250001;PT. BAHARI KONSULTAN;KUSUMA;82226374.81;67210532.23;15015842.58;18.2616;REGULAR
01/11/2025;MDP;MOCK-0111202511250002;CV. BERKAH ANUGRAH;BUDIMAN;563586.66;485811.7;77774.96;13.8;REGULAR
01/11/2025;MDP;MOCK-0111202511250003;PT. INDAH DAGANG;PRASETYO;3041775.54;1629522.61;1412252.93;46.4286;REGULAR
01/11/2025;MDP;MOCK-0111202511250004;PT. CAHAYA NIAGA;SANTOSO;81379950.64;66255861.3;15124089.34;18.5845;REGULAR
01/11/2025;MDP;MOCK-0111202511250005;PT. ASRI LOGISTIK;SANTOSO;254016395.39;224554477.27;29461918.12;11.5984;REGULAR
01/11/2025;MDP;MOCK-0111202511250006;CV. BERKAH SENTRAL;BUDIMAN;966348.97;741614.92;224734.05;23.256;REGULAR
01/11/2025;MDP;MOCK-0111202511250007;PT. AGUNG LOGISTIK;SANTOSO;28040266.25;24613522.21;3426744.04;12.2208;REGULAR
01/11/2025;MDP;MOCK-0111202511250008;CV. BERSAMA TRANSPORT;PRASETYO;1503514.89;1066570.57;436944.32;29.0615;REGULAR
01/11/2025;MDP;MOCK-0111202511250009;PT. AGUNG LOGISTIK;SANTOSO;14460995.34;13356474.43;1104520.91;7.6379;REGULAR
01/11/2025;MDP;MOCK-0111202511250010;CV. JAYA BERKAT;FERNANDO;1887526.52;1234775.78;652750.74;34.5823;NEW CUSTOMER
01/11/2025;MDP;MOCK-0111202511250011;PT. AGUNG LOGISTIK;SANTOSO;33450120.31;30282546.21;3167574.1;9.4695;REGULAR
01/11/2025;MDP;MOCK-0111202511250012;PT. BERKAH ENERGI;SANTOSO;53095602.59;46713498.71;6382103.88;12.02;REGULAR
01/11/2025;MDP;MOCK-0111202511250013;PT. BERKAH ENERGI;SANTOSO;26699609.85;22674376.29;4025233.56;15.076;REGULAR
01/11/2025;MDP;MOCK-0111202511250014;CV. BINTANG FURNITURE;BUDIMAN;4805646.07;4127201.92;678444.15;14.1176;REGULAR
01/11/2025;MDP;MOCK-0111202511250015;CV. MAJU LOGISTIK;PRASETYO;5314971.44;4513686.73;801284.71;15.076;REGULAR
01/11/2025;MDP;MOCK-0111202511250016;PT. CAHAYA NIAGA;SANTOSO;15245803.86;13971171.07;1274632.79;8.3605;REGULAR
01/11/2025;MDP;MOCK-0111202511250019;CV. ABADI USAHA;PRASETYO;234145.79;140487.48;93658.31;40.0;REGULAR
01/11/2025;MDP;MOCK-0111202511250025;CV. BERKAH ANUGRAH;BUDIMAN;6024914.88;5048611.98;976302.9;16.2044;REGULAR
01/11/2025;MDP;MOCK-0111202511250026;CV. MAJU LOGISTIK;PRASETYO;4807493.68;4226413.59;581080.09;12.087;REGULAR
01/11/2025;MDP;MOCK-0111202511250027;CV. MAJU LOGISTIK;PRASETYO;3564518.73;2892521.97;671996.76;18.8524;REGULAR
01/11/2025;MDP;MOCK-0111202511250028;PT. BERKAH FURNITURE;FERNANDO;3171848.04;2605446.61;566401.43;17.8571;REGULAR
01/11/2025;MDP;MOCK-0111202511250029;PT. BERKAH FURNITURE;FERNANDO;6250885.33;5500779.09;750106.24;12.0;REGULAR
01/11/2025;MDP;MOCK-0111202511250035;PT. PRIMA PERSADA;FERNANDO;5627487.27;4491623.55;1135863.72;20.1842;REGULAR
01/11/2025;MDP;MOCK-0111202511250038;CV. MAJU LOGISTIK;PRASETYO;4150183.82;3496530.22;653653.6;15.75;REGULAR
01/11/2025;MDP;MOCK-0111202511250042;PT. PRIMA PERSADA;FERNANDO;1364127.35;1120545.71;243581.64;17.8562;REGULAR
01/12/2025;EXPORT AF;MOCK-0112202512250001;PT. JAYA LOGISTIK;FERNANDO;16163541.89;13977380.72;2186161.17;13.5253;REGULAR
01/12/2025;EXPORT FCL;MOCK-0112202512250001;PT. SUKSES NIAGA;BUDIMAN;1826177.5;826134.68;1000042.82;54.7615;REGULAR
01/12/2025;EXPORT LCL;MOCK-0112202512250001;CV. BINTANG FURNITURE;BUDIMAN;1692832.64;1156387.96;536444.68;31.6892;REGULAR
01/12/2025;EXPORT LCL;MOCK-0112202512250003;PT. CEMERLANG BUANA;FERNANDO;7172794.12;3856432.98;3316361.14;46.2353;REGULAR
01/12/2025;IMPORT FCL;MOCK-0112202511250002;PT. BINTANG FURNITURE;BUDIMAN;28328252.12;25468161.61;2860090.51;10.0962;REGULAR
01/12/2025;MDP;MOCK-0112202511250017;PT. AGUNG LOGISTIK;SANTOSO;17094327.44;15466065.56;1628261.88;9.5252;REGULAR
01/12/2025;MDP;MOCK-0112202511250018;PT. AGUNG LOGISTIK;SANTOSO;15171509.13;13590841.41;1580667.72;10.4187;REGULAR
01/12/2025;MDP;MOCK-0112202511250021;PT. AGUNG LOGISTIK;SANTOSO;16281819.82;14902095.0;1379724.82;8.474;REGULAR
01/12/2025;MDP;MOCK-0112202511250022;PT. AGUNG LOGISTIK;SANTOSO;16719202.72;14980528.83;1738673.89;10.3993;REGULAR
01/12/2025;MDP;MOCK-0112202511250023;PT. AGUNG LOGISTIK;SANTOSO;32039447.65;28839291.68;3200155.97;9.9882;REGULAR
01/12/2025;MDP;MOCK-0112202511250024;PT. CAHAYA NIAGA;SANTOSO;125494862.5;109921674.56;15573187.94;12.4094;REGULAR
01/12/2025;MDP;MOCK-0112202511250030;PT. AGUNG LOGISTIK;SANTOSO;12364003.38;11162937.98;1201065.4;9.7142;REGULAR
01/12/2025;MDP;MOCK-0112202511250031;PT. BERKAH ENERGI;SANTOSO;32380980.54;27503531.78;4877448.76;15.0627;REGULAR
01/12/2025;MDP;MOCK-0112202511250032;PT. KARYA TEKNIK;SANTOSO;15195676.29;13045519.55;2150156.74;14.1498;REGULAR
01/12/2025;MDP;MOCK-0112202511250033;PT. AGUNG LOGISTIK;SANTOSO;14890722.58;13695432.29;1195290.29;8.0271;REGULAR
01/12/2025;MDP;MOCK-0112202511250034;PT. AGUNG LOGISTIK;SANTOSO;48731153.59;41163979.92;7567173.67;15.5284;REGULAR
01/12/2025;MDP;MOCK-0112202511250036;PT. AGUNG LOGISTIK;SANTOSO;27553866.95;24917507.8;2636359.15;9.568;REGULAR
01/12/2025;MDP;MOCK-0112202511250037;CV. BAHARI KONSULTAN;BUDIMAN;7195924.86;5081849.67;2114075.19;29.3788;REGULAR
01/12/2025;MDP;MOCK-0112202511250039;PT. CAHAYA NIAGA;SANTOSO;16157107.81;14136395.99;2020711.82;12.5066;REGULAR
01/12/2025;MDP;MOCK-0112202511250040;PT. BERKAH ENERGI;SANTOSO;30783930.15;27337971.2;3445958.95;11.194;REGULAR
01/12/2025;MDP;MOCK-0112202511250041;PT. BERKAH ENERGI;SANTOSO;40961416.83;36038961.92;4922454.91;12.0173;REGULAR
01/12/2025;MDP;MOCK-0112202511250043;PT. AGUNG LOGISTIK;SANTOSO;13593661.06;11996661.14;1596999.92;11.7481;REGULAR
01/12/2025;MDP;MOCK-0112202511250044;PT. AGUNG LOGISTIK;SANTOSO;13155188.59;11720057.7;1435130.89;10.9092;REGULAR
01/12/2025;MDP;MOCK-0112202511250045;PT. SUKSES ANUGRAH;SANTOSO;19752483.7;17144565.34;2607918.36;13.203;REGULAR
01/12/2025;MDP;MOCK-0112202511250046;PT. AGUNG LOGISTIK;SANTOSO;15881442.63;13785025.79;2096416.84;13.2004;REGULAR
01/12/2025;MDP;MOCK-0112202511250047;CV. INDAH TEKNIK;SANTOSO;14173106.22;12527555.05;1645551.17;11.6104;REGULAR
01/12/2025;MDP;MOCK-0112202512250001;PT. AGUNG LOGISTIK;SANTOSO;19780543.73;17770128.58;2010415.15;10.1636;REGULAR
01/12/2025;MDP;MOCK-0112202512250002;PT. AGUNG LOGISTIK;SANTOSO;13338378.3;11762004.65;1576373.65;11.8183;REGULAR
01/12/2025;MDP;MOCK-0112202512250003;PT. AGUNG LOGISTIK;SANTOSO;17491103.55;15072921.55;2418182.0;13.8252;REGULAR
01/12/2025;MDP;MOCK-0112202512250004;CV. MAJU LOGISTIK;PRASETYO;4653314.13;4078692.25;574621.88;12.3487;REGULAR
01/12/2025;MDP;MOCK-0112202512250005;PT. AGUNG LOGISTIK;SANTOSO;15461371.12;13946498.22;1514872.9;9.7978;REGULAR
01/12/2025;MDP;MOCK-0112202512250006;CV. BERKAH ANUGRAH;BUDIMAN;1676961.21;1164994.82;511966.39;30.5294;REGULAR
01/12/2025;MDP;MOCK-0112202512250007;CV. MAJU LOGISTIK;PRASETYO;4109953.53;3588549.56;521403.97;12.6864;REGULAR
01/12/2025;MDP;MOCK-0112202512250008;PT. MANDIRI TRANSPORT;BUDIMAN;716543.5;436679.98;279863.52;39.0574;REGULAR
01/12/2025;MDP;MOCK-0112202512250009;PT. AGUNG LOGISTIK;SANTOSO;16365284.95;14348201.35;2017083.6;12.3254;REGULAR
01/12/2025;MDP;MOCK-0112202512250010;PT. SUKSES PERSADA;SANTOSO;14314205.96;12276631.82;2037574.14;14.2346;REGULAR
01/12/2025;MDP;MOCK-0112202512250011;CV. ABADI USAHA;PRASETYO;6677203.17;5634924.06;1042279.11;15.6095;REGULAR
01/12/2025;MDP;MOCK-0112202512250012;PT. BERKAH ENERGI;SANTOSO;68944900.85;61937338.61;7007562.24;10.164;REGULAR
01/12/2025;MDP;MOCK-0112202512250013;PT. AGUNG LOGISTIK;SANTOSO;12845199.37;11818759.24;1026440.13;7.9908;REGULAR
01/12/2025;MDP;MOCK-0112202512250014;PT. BERKAH FURNITURE;FERNANDO;3038334.23;2531945.2;506389.03;16.6667;REGULAR
01/12/2025;MDP;MOCK-0112202512250015;PT. AGUNG LOGISTIK;SANTOSO;13872630.14;12274023.77;1598606.37;11.5235;REGULAR
01/12/2025;MDP;MOCK-0112202512250016;CV. BERKAH ANUGRAH;BUDIMAN;1495353.36;996902.24;498451.12;33.3333;REGULAR
01/12/2025;MDP;MOCK-0112202512250017;CV. MAJU LOGISTIK;PRASETYO;4645712.39;4025841.99;619870.4;13.3428;REGULAR
01/12/2025;MDP;MOCK-0112202512250018;PT. BERKAH FURNITURE;FERNANDO;3230798.84;2692332.37;538466.47;16.6667;REGULAR
01/12/2025;MDP;MOCK-0112202512250019;PT. CAHAYA NIAGA;SANTOSO;74922306.2;64755693.23;10166612.97;13.5695;REGULAR
01/12/2025;MDP;MOCK-0112202512250020;CV. BINTANG BANGUNAN;KUSUMA;7869379.27;6800415.73;1068963.54;13.5838;REGULAR
01/12/2025;MDP;MOCK-0112202512250021;CV. MAJU LOGISTIK;PRASETYO;3334272.8;2941836.87;392435.93;11.7698;REGULAR
01/12/2025;MDP;MOCK-0112202512250022;PT. AGUNG LOGISTIK;SANTOSO;14855128.46;13329964.75;1525163.71;10.2669;REGULAR
01/12/2025;MDP;MOCK-0112202512250023;PT. BERKAH ENERGI;SANTOSO;35712817.66;30934651.23;4778166.43;13.3794;REGULAR
01/12/2025;MDP;MOCK-0112202512250024;CV. MITRA DISTRIBUSI;PRASETYO;1281398.61;925493.04;355905.57;27.7748;NEW CUSTOMER
01/12/2025;MDP;MOCK-0112202512250025;PT. AGUNG LOGISTIK;SANTOSO;78386479.04;68834091.32;9552387.72;12.1863;REGULAR
01/12/2025;MDP;MOCK-0112202512250026;CV. INDAH TEKNIK;SANTOSO;13853174.71;13064737.05;788437.66;5.6914;REGULAR
01/12/2025;MDP;MOCK-0112202512250028;CV. MAJU LOGISTIK;PRASETYO;4743981.57;4029920.53;714061.04;15.0519;REGULAR
01/12/2025;MDP;MOCK-0112202512250029;CV. BERKAH KONSULTAN;PRASETYO;4337178.3;3614315.25;722863.05;16.6667;REGULAR
01/12/2025;MDP;MOCK-0112202512250030;PT. BERKAH ENERGI;SANTOSO;43764474.42;38014588.2;5749886.22;13.1383;REGULAR
01/12/2025;MDP;MOCK-0112202512250031;PT. CAHAYA NIAGA;SANTOSO;26721220.96;24526350.02;2194870.94;8.214;REGULAR
01/12/2025;MDP;MOCK-0112202512250033;CV. BINTANG BANGUNAN;KUSUMA;13401322.47;11066243.55;2335078.92;17.4242;REGULAR
01/12/2025;MDP;MOCK-0112202512250034;PT. AGUNG LOGISTIK;SANTOSO;15270293.01;13556219.87;1714073.14;11.2249;REGULAR
01/12/2025;MDP;MOCK-0112202512250036;PT. BERKAH ENERGI;SANTOSO;13894564.02;12279187.17;1615376.85;11.626;REGULAR
01/01/2026;EXPORT AF;MOCK-0101202601260001;PT. PRIMA KONSULTAN;BUDIMAN;56190272.86;51674163.31;4516109.55;8.0372;NEW CUSTOMER
01/01/2026;EXPORT FCL;MOCK-0101202601260001;CV. MAJU PERSADA;BUDIMAN;34597307.95;31208812.87;3388495.08;9.7941;REGULAR
01/01/2026;EXPORT FCL;MOCK-0101202601260004;CV. MULIA KREASI;BUDIMAN;8204005.26;6537999.13;1666006.13;20.3072;REGULAR
01/01/2026;EXPORT LCL;MOCK-0101202601260001;CV. SARI NIAGA;WULANDARI;4362074.66;3624240.09;737834.57;16.9148;NEW CUSTOMER
01/01/2026;IMPORT LCL;MOCK-0101202612250001;CV. PURI TEKNIK;BUDIMAN;15094783.63;13014585.15;2080198.48;13.7809;REGULAR
01/01/2026;IMPORT FCL;MOCK-0101202601260001;PT. ASRI SAMUDRA;KUSUMA;3998050.61;2989516.35;1008534.26;25.2257;NEW CUSTOMER
01/01/2026;IMPORT FCL;MOCK-0101202601260002;PT. ASRI SAMUDRA;KUSUMA;3780682.54;3505518.08;275164.46;7.2782;NEW THIS MONTH
01/01/2026;MDP;MOCK-0101202612250027;PT. AGUNG LOGISTIK;SANTOSO;92431317.05;80802493.39;11628823.66;12.581;REGULAR
01/01/2026;MDP;MOCK-0101202612250032;CV. BAHARI KONSULTAN;BUDIMAN;12300558.35;10632489.21;1668069.14;13.5609;REGULAR
01/01/2026;MDP;MOCK-0101202612250035;CV. INDAH TEKNIK;SANTOSO;17197419.88;16374907.56;822512.32;4.7828;REGULAR
01/01/2026;MDP;MOCK-0101202612250037;PT. AGUNG LOGISTIK;SANTOSO;38475267.31;33573977.7;4901289.61;12.7388;REGULAR
01/01/2026;MDP;MOCK-0101202612250038;PT. AGUNG LOGISTIK;SANTOSO;28944491.51;24254958.87;4689532.64;16.2018;REGULAR
01/01/2026;MDP;MOCK-0101202612250039;PT. AGUNG LOGISTIK;SANTOSO;76931821.43;68397995.43;8533826.0;11.0927;REGULAR
01/01/2026;MDP;MOCK-0101202612250040;CV. INDAH TEKNIK;SANTOSO;15082292.49;14252853.26;829439.23;5.4994;REGULAR
01/01/2026;MDP;MOCK-0101202612250041;PT. BERKAH ENERGI;SANTOSO;78558369.31;63176383.19;15381986.12;19.5803;REGULAR
01/01/2026;MDP;MOCK-0101202612250042;PT. AGUNG LOGISTIK;SANTOSO;51164756.68;46125753.97;5039002.71;9.8486;REGULAR
01/01/2026;MDP;MOCK-0101202612250043;PT. AGUNG LOGISTIK;SANTOSO;80973436.13;70871237.33;10102198.8;12.4759;REGULAR
01/01/2026;MDP;MOCK-0101202612250044;PT. ASRI USAHA;SANTOSO;18102802.5;15972596.36;2130206.14;11.7673;NEW CUSTOMER
01/01/2026;MDP;MOCK-0101202612250045;PT. ASRI USAHA;SANTOSO;15594039.89;14232861.99;1361177.9;8.7288;NEW THIS MONTH
01/01/2026;MDP;MOCK-0101202612250046;PT. BERKAH ENERGI;SANTOSO;344055977.7;294383472.77;49672504.93;14.4373;REGULAR
01/01/2026;MDP;MOCK-0101202612250047;PT. AGUNG LOGISTIK;SANTOSO;13879872.67;12103075.47;1776797.2;12.8012;REGULAR
01/01/2026;MDP;MOCK-0101202612250048;PT. AGUNG LOGISTIK;SANTOSO;16769651.6;14845025.52;1924626.08;11.4768;REGULAR
01/01/2026;MDP;MOCK-0101202612250049;PT. AGUNG LOGISTIK;SANTOSO;14375528.08;12517990.75;1857537.33;12.9215;REGULAR
01/01/2026;MDP;MOCK-0101202601260001;CV. BERKAH ANUGRAH;BUDIMAN;1425014.29;1096164.84;328849.45;23.0769;REGULAR
01/01/2026;MDP;MOCK-0101202601260002;CV. MAJU LOGISTIK;PRASETYO;4253528.97;3739406.78;514122.19;12.087;REGULAR
01/01/2026;MDP;MOCK-0101202601260003;CV. MAJU LOGISTIK;PRASETYO;4739654.26;4228050.4;511603.86;10.7941;REGULAR
01/01/2026;MDP;MOCK-0101202601260004;PT. AGUNG LOGISTIK;SANTOSO;33695251.94;29345925.66;4349326.28;12.9078;REGULAR
01/01/2026;MDP;MOCK-0101202601260005;PT. AGUNG LOGISTIK;SANTOSO;48784246.32;44754381.01;4029865.31;8.2606;REGULAR
01/01/2026;MDP;MOCK-0101202601260006;CV. BINTANG FURNITURE;BUDIMAN;12680467.56;11105378.04;1575089.52;12.4214;REGULAR
01/01/2026;MDP;MOCK-0101202601260007;CV. BINTANG FURNITURE;BUDIMAN;1968072.98;1715801.8;252271.18;12.8182;REGULAR
01/01/2026;MDP;MOCK-0101202601260010;PT. AGUNG LOGISTIK;SANTOSO;16209200.4;14329959.74;1879240.66;11.5937;REGULAR
01/01/2026;MDP;MOCK-0101202601260011;PT. AGUNG LOGISTIK;SANTOSO;14619017.14;13437245.98;1181771.16;8.0838;REGULAR
01/01/2026;MDP;MOCK-0101202601260012;PT. AGUNG LOGISTIK;SANTOSO;57860665.65;50606113.47;7254552.18;12.538;REGULAR
01/01/2026;MDP;MOCK-0101202601260013;PT. AGUNG LOGISTIK;SANTOSO;73647510.28;62959753.52;10687756.76;14.512;REGULAR
01/01/2026;MDP;MOCK-0101202601260014;CV. MAJU LOGISTIK;PRASETYO;4586583.49;4045073.88;541509.61;11.8064;REGULAR
01/01/2026;MDP;MOCK-0101202601260016;PT. ASRI USAHA;SANTOSO;15447871.3;13507028.84;1940842.46;12.5638;REGULAR
01/01/2026;MDP;MOCK-0101202601260020;PT. BERKAH FURNITURE;FERNANDO;2538467.99;2085170.14;453297.85;17.8571;REGULAR
01/01/2026;MDP;MOCK-0101202601260023;PT. SENTOSA BERKAT;WULANDARI;6011490.0;4740390.56;1271099.44;21.1445;NEW CUSTOMER
01/01/2026;MDP;MOCK-0101202601260024;CV. MAJU LOGISTIK;PRASETYO;2829188.94;2349540.37;479648.57;16.9536;REGULAR
01/01/2026;MDP;MOCK-0101202601260025;CV. MAJU LOGISTIK;PRASETYO;2912185.91;2484185.58;428000.33;14.6969;REGULAR
01/01/2026;MDP;MOCK-0101202601260031;CV. MAJU LOGISTIK;PRASETYO;5354418.12;4980251.38;374166.74;6.988;REGULAR
01/01/2026;MDP;MOCK-0101202601260034;CV. MAJU LOGISTIK;PRASETYO;3927035.87;3452376.76;474659.11;12.087;REGULAR
01/01/2026;MDP;MOCK-0101202601260037;CV. ABADI USAHA;PRASETYO;5450783.83;4685532.64;765251.19;14.0393;REGULAR
01/02/2026;EXPORT FCL;MOCK-0102202601260003;PT. SARI ANUGRAH;BUDIMAN;45435125.99;37649226.92;7785899.07;17.1363;REGULAR
01/02/2026;EXPORT FCL;MOCK-0102202601260005;CV. BAHARI KONSULTAN;BUDIMAN;7701741.27;4926438.81;2775302.46;36.0347;REGULAR
01/02/2026;EXPORT FCL;MOCK-0102202602260001;CV. PURI TEKNIK;BUDIMAN;39100621.94;36080491.46;3020130.48;7.724;REGULAR
01/02/2026;EXPORT FCL;MOCK-0102202602260002;PT. BAHARI TEKNIK;KUSUMA;5140622.58;4087288.03;1053334.55;20.4904;NEW CUSTOMER
01/02/2026;EXPORT LCL;MOCK-0102202602260001;PT. JAYA LOGISTIK;FERNANDO;20280148.91;16284411.46;3995737.45;19.7027;REGULAR
01/02/2026;IMPORT FCL;MOCK-0102202601260003;PT. ASRI SAMUDRA;KUSUMA;4062071.32;3537577.81;524493.51;12.912;REGULAR
01/02/2026;IMPORT FCL;MOCK-0102202601260004;PT. ASRI SAMUDRA;KUSUMA;3994394.38;2845307.98;1149086.4;28.7675;REGULAR
01/02/2026;IMPORT FCL;MOCK-0102202601260005;PT. ASRI SAMUDRA;KUSUMA;3056925.89;2762077.2;294848.69;9.6453;REGULAR
01/02/2026;IMPORT FCL;MOCK-0102202602260001;PT. INDAH TEKNIK;BUDIMAN;655590.31;100068.73;555521.58;84.7361;REGULAR
01/02/2026;MDP;MOCK-0102202601260008;CV. BERKAH SENTRAL;BUDIMAN;1554261.55;1197034.67;357226.88;22.9837;REGULAR
01/02/2026;MDP;MOCK-0102202601260009;CV. BERKAH ANUGRAH;BUDIMAN;5227587.41;4116677.32;1110910.09;21.2509;REGULAR
01/02/2026;MDP;MOCK-0102202601260015;CV. BERKAH ANUGRAH;BUDIMAN;889805.69;389289.99;500515.7;56.25;REGULAR
01/02/2026;MDP;MOCK-0102202601260017;PT. AGUNG LOGISTIK;SANTOSO;84026652.96;75220379.97;8806272.99;10.4803;REGULAR
01/02/2026;MDP;MOCK-0102202601260018;PT. AGUNG LOGISTIK;SANTOSO;11164387.39;10034518.49;1129868.9;10.1203;REGULAR
01/02/2026;MDP;MOCK-0102202601260019;CV. BERKAH ANUGRAH;BUDIMAN;1678033.32;1184494.11;493539.21;29.4118;REGULAR
01/02/2026;MDP;MOCK-0102202601260021;PT. AGUNG LOGISTIK;SANTOSO;11817419.64;10549990.84;1267428.8;10.7251;REGULAR
01/02/2026;MDP;MOCK-0102202601260022;PT. AGUNG LOGISTIK;SANTOSO;14436106.61;12683944.39;1752162.22;12.1374;REGULAR
01/02/2026;MDP;MOCK-0102202601260026;PT. AGUNG LOGISTIK;SANTOSO;16767791.54;14880297.14;1887494.4;11.2567;REGULAR
01/02/2026;MDP;MOCK-0102202601260027;PT. BERKAH ENERGI;SANTOSO;42554699.85;37232649.51;5322050.34;12.5064;REGULAR
01/02/2026;MDP;MOCK-0102202601260028;PT. AGUNG LOGISTIK;SANTOSO;14210963.52;12354873.49;1856090.03;13.061;REGULAR
01/02/2026;MDP;MOCK-0102202601260029;PT. AGUNG LOGISTIK;SANTOSO;161353942.34;145412816.04;15941126.3;9.8796;REGULAR
01/02/2026;MDP;MOCK-0102202601260032;PT. AGUNG LOGISTIK;SANTOSO;16000655.09;14355360.43;1645294.66;10.2827;REGULAR
01/02/2026;MDP;MOCK-0102202601260033;CV. BERKAH ANUGRAH;BUDIMAN;1004920.81;581796.26;423124.55;42.1053;REGULAR
01/02/2026;MDP;MOCK-0102202601260035;PT. ASRI USAHA;SANTOSO;51162289.11;44253674.67;6908614.44;13.5033;REGULAR
01/02/2026;MDP;MOCK-0102202601260036;PT. SUKSES PERSADA;SANTOSO;22198071.84;20607071.51;1591000.33;7.1673;REGULAR
01/02/2026;MDP;MOCK-0102202601260038;PT. CAHAYA NIAGA;SANTOSO;172362708.58;155915095.56;16447613.02;9.5424;REGULAR
01/02/2026;MDP;MOCK-0102202601260039;PT. AGUNG LOGISTIK;SANTOSO;16107516.36;14758977.83;1348538.53;8.3721;REGULAR
01/02/2026;MDP;MOCK-0102202601260040;PT. AGUNG BERKAT;SANTOSO;3814056.65;3382950.03;431106.62;11.3031;REGULAR
01/02/2026;MDP;MOCK-0102202601260041;PT. SUKSES ANUGRAH;SANTOSO;27574135.72;24997555.52;2576580.2;9.3442;REGULAR
01/02/2026;MDP;MOCK-0102202602260001;CV. MAJU LOGISTIK;PRASETYO;3056660.89;2483949.1;572711.79;18.7365;REGULAR
01/02/2026;MDP;MOCK-0102202602260002;CV. BINTANG FURNITURE;BUDIMAN;8568673.32;7404627.13;1164046.19;13.5849;REGULAR
01/02/2026;MDP;MOCK-0102202602260003;PT. PRIMA PERKASA;KUSUMA;3891002.17;3306499.16;584503.01;15.0219;NEW CUSTOMER
01/02/2026;MDP;MOCK-0102202602260004;PT. AGUNG LOGISTIK;SANTOSO;24520443.34;21932412.72;2588030.62;10.5546;REGULAR
01/02/2026;MDP;MOCK-0102202602260006;PT. MULIA DISTRIBUSI;BUDIMAN;565842.05;87052.62;478789.43;84.6154;NEW CUSTOMER
01/02/2026;MDP;MOCK-0102202602260007;PT. AGUNG LOGISTIK;SANTOSO;61271176.05;55480412.52;5790763.53;9.451;REGULAR
01/02/2026;MDP;MOCK-0102202602260008;PT. AGUNG LOGISTIK;SANTOSO;97699945.19;91836767.61;5863177.58;6.0012;REGULAR
01/02/2026;MDP;MOCK-0102202602260009;PT. AGUNG LOGISTIK;SANTOSO;49447485.95;42532920.02;6914565.93;13.9837;REGULAR
01/02/2026;MDP;MOCK-0102202602260010;CV. MAJU LOGISTIK;PRASETYO;4249376.5;3824083.49;425293.01;10.0084;REGULAR
01/02/2026;MDP;MOCK-0102202602260011;CV. SARI PERKASA;KUSUMA;1176229.73;744945.5;431284.23;36.6667;NEW CUSTOMER
01/02/2026;MDP;MOCK-0102202602260012;PT. BERKAH FURNITURE;FERNANDO;2814505.4;2198832.34;615673.06;21.875;REGULAR
01/02/2026;MDP;MOCK-0102202602260013;CV. CEMERLANG PERSADA;BUDIMAN;3640435.22;3337447.0;302988.22;8.3229;NEW CUSTOMER
01/02/2026;MDP;MOCK-0102202602260014;PT. SUKSES ANUGRAH;SANTOSO;20893869.07;18399855.89;2494013.18;11.9366;REGULAR
01/02/2026;MDP;MOCK-0102202602260015;PT. AGUNG LOGISTIK;SANTOSO;14002662.06;12642711.85;1359950.21;9.7121;REGULAR
01/02/2026;MDP;MOCK-0102202602260016;PT. AGUNG LOGISTIK;SANTOSO;29935242.31;27448658.85;2486583.46;8.3065;REGULAR
01/02/2026;MDP;MOCK-0102202602260017;PT. SUKSES ANUGRAH;SANTOSO;22065718.74;19573135.24;2492583.5;11.2962;REGULAR
01/02/2026;MDP;MOCK-0102202602260018;PT. BINTANG ENERGI;BUDIMAN;1382075.66;1036556.75;345518.91;25.0;REGULAR
01/02/2026;MDP;MOCK-0102202602260019;PT. GLOBAL LOGISTIK;SANTOSO;13677850.25;12031715.59;1646134.66;12.035;REGULAR
01/02/2026;MDP;MOCK-0102202602260020;PT. BERKAH FURNITURE;FERNANDO;3001633.06;2345025.83;656607.23;21.875;REGULAR
01/02/2026;MDP;MOCK-0102202602260022;PT. AGUNG LOGISTIK;SANTOSO;108906573.9;98333273.02;10573300.88;9.7086;REGULAR
01/02/2026;MDP;MOCK-0102202602260023;PT. BERKAH ENERGI;SANTOSO;14231555.0;12386279.21;1845275.79;12.9661;REGULAR
01/02/2026;MDP;MOCK-0102202602260024;PT. AGUNG LOGISTIK;SANTOSO;14376497.02;12576499.7;1799997.32;12.5204;REGULAR
01/02/2026;MDP;MOCK-0102202602260025;PT. SARI TRANSPORT;SANTOSO;5547755.99;4487025.04;1060730.95;19.12;NEW CUSTOMER
01/02/2026;MDP;MOCK-0102202602260026;PT. BERKAH FURNITURE;FERNANDO;7070412.97;5982657.13;1087755.84;15.3846;REGULAR
01/02/2026;MDP;MOCK-0102202602260027;CV. MAJU LOGISTIK;PRASETYO;5436271.1;4971690.93;464580.17;8.5459;REGULAR
01/02/2026;MDP;MOCK-0102202602260028;PT. AGUNG LOGISTIK;SANTOSO;26789718.76;24218700.8;2571017.96;9.597;REGULAR
01/02/2026;MDP;MOCK-0102202602260029;PT. BERKAH ENERGI;SANTOSO;35612819.87;31311744.21;4301075.66;12.0773;REGULAR
01/02/2026;MDP;MOCK-0102202602260030;PT. AGUNG LOGISTIK;SANTOSO;46313820.57;41084313.96;5229506.61;11.2915;REGULAR
01/02/2026;MDP;MOCK-0102202602260031;PT. AGUNG LOGISTIK;SANTOSO;13227111.37;11398996.87;1828114.5;13.821;REGULAR
01/02/2026;MDP;MOCK-0102202602260032;PT. ASRI USAHA;SANTOSO;18341744.44;16152796.47;2188947.97;11.9342;REGULAR
01/02/2026;MDP;MOCK-0102202602260035;CV. CEMERLANG PERSADA;BUDIMAN;3125273.61;2870787.04;254486.57;8.1429;NEW THIS MONTH
01/02/2026;MDP;MOCK-0102202602260038;PT. PRIMA BERKAT;PRASETYO;11731097.61;9883449.74;1847647.87;15.75;NEW CUSTOMER
01/02/2026;MDP;MOCK-0102202602260039;CV. MAJU LOGISTIK;PRASETYO;4122521.67;3704772.81;417748.86;10.1333;REGULAR
01/02/2026;MDP;MOCK-0102202602260040;PT. SENTOSA NIAGA;BUDIMAN;4521798.3;2722344.96;1799453.34;39.7951;REGULAR
01/03/2026;EXPORT AF;MOCK-0103202603260001;CV. MANDIRI NIAGA;BUDIMAN;5709080.66;3275252.25;2433828.41;42.6308;REGULAR
01/03/2026;EXPORT AF;MOCK-0103202603260002;CV. BAHARI SAMUDRA;FERNANDO;34612281.73;30334415.67;4277866.06;12.3594;REGULAR
01/03/2026;EXPORT FCL;MOCK-0103202602260003;PT. SARI ANUGRAH;BUDIMAN;47951529.0;39434656.27;8516872.73;17.7614;REGULAR
01/03/2026;EXPORT FCL;MOCK-0103202602260004;CV. BERSAMA KREASI;KUSUMA;35811631.03;31842859.69;3968771.34;11.0824;REGULAR
01/03/2026;EXPORT FCL;MOCK-0103202602260005;CV. BERSAMA KREASI;KUSUMA;27146128.77;23575493.01;3570635.76;13.1534;REGULAR
01/03/2026;MDP;MOCK-0103202602260033;PT. AGUNG LOGISTIK;SANTOSO;27988669.96;25172135.12;2816534.84;10.0631;REGULAR
01/03/2026;MDP;MOCK-0103202602260036;PT. AGUNG LOGISTIK;SANTOSO;26978192.94;24629473.35;2348719.59;8.706;REGULAR
01/03/2026;MDP;MOCK-0103202602260037;PT. AGUNG LOGISTIK;SANTOSO;76437433.06;68657564.12;7779868.94;10.1781;REGULAR
01/03/2026;MDP;MOCK-0103202602260041;PT. SENTOSA NIAGA;BUDIMAN;10083477.99;6070920.43;4012557.56;39.7934;REGULAR
01/03/2026;MDP;MOCK-0103202602260042;PT. AGUNG LOGISTIK;SANTOSO;14016561.7;12079337.54;1937224.16;13.821;REGULAR
01/03/2026;MDP;MOCK-0103202602260043;PT. SARI DAGANG;BUDIMAN;594727.16;462514.73;132212.43;22.2308;REGULAR
01/03/2026;MDP;MOCK-0103202603260001;CV. BINTANG FURNITURE;BUDIMAN;573867.41;451368.79;122498.62;21.3462;REGULAR
01/03/2026;MDP;MOCK-0103202603260003;CV. MAJU LOGISTIK;PRASETYO;3779439.58;3300627.78;478811.8;12.6689;REGULAR
01/03/2026;MDP;MOCK-0103202603260004;PT. ASRI USAHA;SANTOSO;47267749.5;41531851.07;5735898.43;12.1349;REGULAR
01/03/2026;MDP;MOCK-0103202603260005;PT. SUKSES ANUGRAH;SANTOSO;13482675.69;11292823.45;2189852.24;16.242;REGULAR
01/03/2026;MDP;MOCK-0103202603260006;PT. AGUNG LOGISTIK;SANTOSO;10295872.73;9266886.81;1028985.92;9.9942;REGULAR
01/03/2026;MDP;MOCK-0103202603260007;PT. AGUNG LOGISTIK;SANTOSO;37892314.83;34559943.4;3332371.43;8.7943;REGULAR
01/03/2026;MDP;MOCK-0103202603260008;CV. MAJU LOGISTIK;PRASETYO;4449803.9;3914936.46;534867.44;12.02;REGULAR
01/03/2026;MDP;MOCK-0103202603260009;CV. BERKAH ANUGRAH;BUDIMAN;975636.47;860855.71;114780.76;11.7647;REGULAR
01/03/2026;MDP;MOCK-0103202603260010;CV. ABADI USAHA;PRASETYO;4317418.44;3754276.9;563141.54;13.0435;REGULAR
01/03/2026;MDP;MOCK-0103202603260012;PT. AGUNG LOGISTIK;SANTOSO;54624545.58;49108314.68;5516230.9;10.0984;REGULAR
01/03/2026;MDP;MOCK-0103202603260013;CV. NUSANTARA PERKASA;SANTOSO;43515030.35;38908233.95;4606796.4;10.5867;REGULAR
01/03/2026;MDP;MOCK-0103202603260014;CV. BERKAH ANUGRAH;BUDIMAN;3263204.4;2610563.52;652640.88;20.0;REGULAR
01/03/2026;MDP;MOCK-0103202603260015;PT. MITRA FURNITURE;WULANDARI;80011837.2;75731197.79;4280639.41;5.35;NEW CUSTOMER
01/03/2026;MDP;MOCK-0103202603260016;PT. BAHARI KONSULTAN;FERNANDO;83540245.13;74113660.5;9426584.63;11.2839;NEW CUSTOMER
01/03/2026;MDP;MOCK-0103202603260017;CV. BERSAMA KREASI;KUSUMA;54147807.39;47954174.14;6193633.25;11.4384;REGULAR
01/03/2026;MDP;MOCK-0103202603260018;PT. AGUNG LOGISTIK;SANTOSO;59924629.97;53994547.39;5930082.58;9.8959;REGULAR
01/03/2026;MDP;MOCK-0103202603260019;PT. BERKAH ENERGI;SANTOSO;18058634.09;16433357.02;1625277.07;9.0;REGULAR
01/03/2026;MDP;MOCK-0103202603260020;CV. NUSANTARA PERKASA;SANTOSO;41502239.18;37108530.52;4393708.66;10.5867;REGULAR
01/03/2026;MDP;MOCK-0103202603260021;PT. ABADI BANGUNAN;BUDIMAN;896997.27;728810.28;168186.99;18.75;REGULAR
01/03/2026;MDP;MOCK-0103202603260022;PT. AGUNG LOGISTIK;SANTOSO;68870280.38;63310810.3;5559470.08;8.0724;REGULAR
01/03/2026;MDP;MOCK-0103202603260023;CV. SUKSES ENERGI;WULANDARI;1634487.05;1416555.45;217931.6;13.3333;NEW CUSTOMER
01/03/2026;MDP;MOCK-0103202603260024;PT. AGUNG LOGISTIK;SANTOSO;15997852.24;14145197.74;1852654.5;11.5806;REGULAR
01/03/2026;MDP;MOCK-0103202603260025;PT. CEMERLANG INDUSTRI;FERNANDO;2412400.52;2102531.83;309868.69;12.8448;REGULAR
01/03/2026;MDP;MOCK-0103202603260027;PT. AGUNG LOGISTIK;SANTOSO;31507568.86;28937831.62;2569737.24;8.1559;REGULAR
01/03/2026;MDP;MOCK-0103202603260028;CV. BINTANG FURNITURE;BUDIMAN;538859.02;372019.98;166839.04;30.9615;REGULAR
01/03/2026;MDP;MOCK-0103202603260030;PT. AGUNG LOGISTIK;SANTOSO;16461526.74;15265902.09;1195624.65;7.2631;REGULAR
01/03/2026;MDP;MOCK-0103202603260031;CV. BINTANG FURNITURE;BUDIMAN;13668614.77;8611835.94;5056778.83;36.9955;REGULAR
01/04/2026;EXPORT AF;MOCK-0104202604260001;PT. CEMERLANG BUANA;FERNANDO;5078137.35;1835665.82;3242471.53;63.8516;REGULAR
01/04/2026;EXPORT FCL;MOCK-0104202604260001;PT. SUKSES NIAGA;BUDIMAN;3383739.89;2491468.89;892271.0;26.3694;REGULAR
01/04/2026;EXPORT FCL;MOCK-0104202604260002;CV. PURI TEKNIK;BUDIMAN;28706469.78;26050052.18;2656417.6;9.2537;REGULAR
01/04/2026;EXPORT FCL;MOCK-0104202604260003;CV. CEMERLANG ANUGRAH;BUDIMAN;48094092.55;41403922.64;6690169.91;13.9106;REGULAR
01/04/2026;IMPORT FCL;MOCK-0104202604260001;CV. CEMERLANG ANUGRAH;WULANDARI;17811580.99;14302503.8;3509077.19;19.7011;REGULAR
01/04/2026;IMPORT LCL;MOCK-0104202604260001;CV. BINTANG ENERGI;FERNANDO;45270989.58;38649874.47;6621115.11;14.6255;REGULAR
01/04/2026;MDP;MOCK-0104202602260005;CV. BERKAH ANUGRAH;BUDIMAN;1227808.7;1105027.83;122780.87;10.0;REGULAR
01/04/2026;MDP;MOCK-0104202602260034;CV. BERKAH ANUGRAH;BUDIMAN;307161.64;75766.54;231395.1;75.3333;REGULAR
01/04/2026;MDP;MOCK-0104202603260026;CV. BERSAMA KREASI;KUSUMA;37667262.43;33321402.03;4345860.4;11.5375;REGULAR
01/04/2026;MDP;MOCK-0104202603260032;PT. CAHAYA NIAGA;SANTOSO;31750409.96;28933550.02;2816859.94;8.8719;REGULAR
01/04/2026;MDP;MOCK-0104202603260033;PT. AGUNG LOGISTIK;SANTOSO;35090556.41;28324930.03;6765626.38;19.2805;REGULAR
01/04/2026;MDP;MOCK-0104202603260034;PT. AGUNG LOGISTIK;SANTOSO;17957198.8;16119035.11;1838163.69;10.2364;REGULAR
01/04/2026;MDP;MOCK-0104202603260035;CV. BERSAMA KREASI;KUSUMA;21032724.09;32000432.15;-10967708.06;-52.1459;REGULAR
01/04/2026;MDP;MOCK-0104202604260001;PT. CAHAYA NIAGA;SANTOSO;109468055.02;97260760.97;12207294.05;11.1515;REGULAR
01/04/2026;MDP;MOCK-0104202604260002;PT. AGUNG LOGISTIK;SANTOSO;16513420.78;14512567.65;2000853.13;12.1165;REGULAR
01/04/2026;MDP;MOCK-0104202604260003;CV. NUSANTARA PERKASA;SANTOSO;47419157.99;42741478.21;4677679.78;9.8645;REGULAR
01/04/2026;MDP;MOCK-0104202604260004;PT. AGUNG LOGISTIK;SANTOSO;48815632.36;42914562.13;5901070.23;12.0885;REGULAR
01/04/2026;MDP;MOCK-0104202604260005;PT. BINTANG ANUGRAH;FERNANDO;5058207.42;3709352.1;1348855.32;26.6667;REGULAR
01/04/2026;MDP;MOCK-0104202604260006;CV. MAJU LOGISTIK;PRASETYO;5001040.77;4396567.14;604473.63;12.087;REGULAR
01/04/2026;MDP;MOCK-0104202604260007;PT. AGUNG LOGISTIK;SANTOSO;15130565.7;13732999.36;1397566.34;9.2367;REGULAR
01/04/2026;MDP;MOCK-0104202604260008;PT. ASRI USAHA;SANTOSO;41030645.38;37031997.32;3998648.06;9.7455;REGULAR
01/04/2026;MDP;MOCK-0104202604260009;PT. AGUNG LOGISTIK;SANTOSO;18002319.08;15569748.33;2432570.75;13.5125;REGULAR
01/04/2026;MDP;MOCK-0104202604260012;PT. AGUNG LOGISTIK;SANTOSO;58215547.92;53379807.01;4835740.91;8.3066;REGULAR
01/04/2026;MDP;MOCK-0104202604260014;PT. BAHARI PERSADA;KUSUMA;19859616.12;17369281.31;2490334.81;12.5397;REGULAR
01/04/2026;MDP;MOCK-0104202604260015;PT. AGUNG LOGISTIK;SANTOSO;41697849.38;38359583.56;3338265.82;8.0058;REGULAR
01/04/2026;MDP;MOCK-0104202604260016;PT. AGUNG LOGISTIK;SANTOSO;69994137.47;63510755.5;6483381.97;9.2628;REGULAR
01/04/2026;MDP;MOCK-0104202604260017;PT. AGUNG LOGISTIK;SANTOSO;79191315.08;71839792.67;7351522.41;9.2832;REGULAR
01/04/2026;MDP;MOCK-0104202604260018;PT. BAHARI PERSADA;KUSUMA;5540719.61;4737715.22;803004.39;14.4928;REGULAR
01/04/2026;MDP;MOCK-0104202604260019;PT. BAHARI PERSADA;KUSUMA;7180556.85;6177400.79;1003156.06;13.9704;REGULAR
01/04/2026;MDP;MOCK-0104202604260021;PT. ASRI LOGISTIK;SANTOSO;51072962.95;45674576.75;5398386.2;10.5699;REGULAR
01/04/2026;MDP;MOCK-0104202604260022;PT. ABADI BANGUNAN;BUDIMAN;1547534.27;1280718.02;266816.25;17.2414;REGULAR
01/04/2026;MDP;MOCK-0104202604260023;CV. MAJU LOGISTIK;PRASETYO;7807596.88;7239122.35;568474.53;7.281;REGULAR
01/04/2026;MDP;MOCK-0104202604260025;PT. AGUNG LOGISTIK;SANTOSO;46802678.88;42215198.72;4587480.16;9.8017;REGULAR
01/04/2026;MDP;MOCK-0104202604260026;CV. BINTANG FURNITURE;BUDIMAN;916756.09;731222.12;185533.97;20.2381;REGULAR
01/04/2026;MDP;MOCK-0104202604260027;PT. AGUNG LOGISTIK;SANTOSO;15948077.4;14256826.51;1691250.89;10.6047;REGULAR
01/04/2026;MDP;MOCK-0104202604260028;PT. AGUNG LOGISTIK;SANTOSO;40864267.5;37378093.82;3486173.68;8.5311;REGULAR
01/04/2026;MDP;MOCK-0104202604260029;PT. GLOBAL FURNITURE;SANTOSO;18164960.75;14943802.06;3221158.69;17.7328;NEW CUSTOMER
01/04/2026;MDP;MOCK-0104202604260030;CV. MAJU LOGISTIK;PRASETYO;4599871.2;4043886.77;555984.43;12.087;REGULAR
01/04/2026;MDP;MOCK-0104202604260031;PT. BINTANG ENERGI;BUDIMAN;295930.74;98643.58;197287.16;66.6667;REGULAR
01/04/2026;MDP;MOCK-0104202604260032;PT. AGUNG LOGISTIK;SANTOSO;42968688.08;39686244.45;3282443.63;7.6392;REGULAR
01/04/2026;MDP;MOCK-0104202604260033;PT. AGUNG LOGISTIK;SANTOSO;23405836.19;21176024.59;2229811.6;9.5267;REGULAR
01/04/2026;MDP;MOCK-0104202604260034;PT. AGUNG LOGISTIK;SANTOSO;18560074.09;17280527.37;1279546.72;6.8941;REGULAR
01/04/2026;MDP;MOCK-0104202604260035;CV. SARI BUANA;SANTOSO;6074837.85;5384920.68;689917.17;11.357;REGULAR
01/04/2026;MDP;MOCK-0104202604260036;PT. AGUNG LOGISTIK;SANTOSO;21275631.84;19771909.37;1503722.47;7.0678;REGULAR
01/04/2026;MDP;MOCK-0104202604260037;CV. BINTANG FURNITURE;BUDIMAN;11048947.96;6647018.85;4401929.11;39.8403;REGULAR
01/04/2026;MDP;MOCK-0104202604260038;PT. AGUNG LOGISTIK;SANTOSO;34767160.24;32114955.61;2652204.63;7.6285;REGULAR
01/04/2026;MDP;MOCK-0104202604260039;PT. BERKAH ENERGI;SANTOSO;17472455.33;16125426.56;1347028.77;7.7094;REGULAR
01/04/2026;MDP;MOCK-0104202604260041;PT. AGUNG LOGISTIK;SANTOSO;41698539.22;38744495.56;2954043.66;7.0843;REGULAR
01/04/2026;MDP;MOCK-0104202604260044;CV. MAJU LOGISTIK;PRASETYO;3424960.96;2880098.02;544862.94;15.9086;REGULAR
01/04/2026;MDP;MOCK-0104202604260045;CV. MAJU LOGISTIK;PRASETYO;5228002.8;4610764.77;617238.03;11.8064;REGULAR
01/04/2026;MDP;MOCK-0104202604260048;CV. SARI PERKASA;KUSUMA;1099692.19;788112.74;311579.45;28.3333;REGULAR
01/04/2026;MDP;MOCK-0104202604260049;CV. MAJU LOGISTIK;PRASETYO;2406629.39;1911723.25;494906.14;20.5643;REGULAR
01/04/2026;MDP;MOCK-0104202604260050;CV. PRIMA INDUSTRI;FERNANDO;5426095.97;4937204.72;488891.25;9.01;NEW CUSTOMER
01/04/2026;MDP;MOCK-0104202604260051;CV. MAJU LOGISTIK;PRASETYO;5108758.6;4491265.17;617493.43;12.087;REGULAR
01/05/2026;EXPORT FCL;MOCK-0105202605260002;CV. SUKSES BUANA;WIJAYA;4850027.76;4295980.76;554047.0;11.4236;NEW CUSTOMER
01/05/2026;EXPORT LCL;MOCK-0105202605260001;CV. BINTANG FURNITURE;BUDIMAN;1799104.2;729366.57;1069737.63;59.4595;REGULAR
01/05/2026;EXPORT LCL;MOCK-0105202605260002;PT. PURI USAHA;BUDIMAN;8205784.55;6433067.51;1772717.04;21.6033;NEW CUSTOMER
01/05/2026;IMPORT FCL;MOCK-0105202604260002;CV. PURI TEKNIK;BUDIMAN;202306594.81;168679728.26;33626866.55;16.6217;REGULAR
01/05/2026;IMPORT FCL;MOCK-0105202605260001;PT. BINTANG ENERGI;BUDIMAN;9224831.88;5044476.94;4180354.94;45.3163;REGULAR
01/05/2026;IMPORT FCL;MOCK-0105202605260002;CV. CEMERLANG ANUGRAH;WULANDARI;17608452.89;13969023.4;3639429.49;20.6686;REGULAR
01/05/2026;IMPORT FCL;MOCK-0105202605260003;PT. SENTOSA BERKAT;WULANDARI;3604546.16;2373725.52;1230820.64;34.1463;REGULAR
01/05/2026;MDP;MOCK-0105202603260011;CV. BAHARI KONSULTAN;BUDIMAN;9647905.99;7700420.18;1947485.81;20.1856;REGULAR
01/05/2026;MDP;MOCK-0105202604260040;PT. ASRI USAHA;SANTOSO;37883349.39;35458735.73;2424613.66;6.4002;REGULAR
01/05/2026;MDP;MOCK-0105202604260042;PT. CAHAYA NIAGA;SANTOSO;38429346.4;36628429.2;1800917.2;4.6863;NEW THIS MONTH
01/05/2026;MDP;MOCK-0105202604260043;CV. SUKSES BUANA;WIJAYA;5365048.5;4776406.81;588641.69;10.9718;REGULAR
01/05/2026;MDP;MOCK-0105202604260046;PT. AGUNG LOGISTIK;SANTOSO;70998835.05;64737406.73;6261428.32;8.8191;REGULAR
01/05/2026;MDP;MOCK-0105202604260047;PT. AGUNG LOGISTIK;SANTOSO;95099486.39;86453701.46;8645784.93;9.0913;REGULAR
01/05/2026;MDP;MOCK-0105202604260052;PT. AGUNG LOGISTIK;SANTOSO;39763013.52;35887644.6;3875368.92;9.7462;REGULAR
01/05/2026;MDP;MOCK-0105202604260053;PT. BERKAH ENERGI;SANTOSO;21856797.74;19699781.14;2157016.6;9.8689;REGULAR
01/05/2026;MDP;MOCK-0105202604260054;PT. AGUNG LOGISTIK;SANTOSO;18530028.28;16909772.37;1620255.91;8.7439;REGULAR
01/05/2026;MDP;MOCK-0105202605260002;PT. ASRI USAHA;SANTOSO;42844668.29;37926192.25;4918476.04;11.4798;REGULAR
01/05/2026;MDP;MOCK-0105202605260003;PT. AGUNG LOGISTIK;SANTOSO;14531254.59;12452245.37;2079009.22;14.3072;REGULAR
01/05/2026;MDP;MOCK-0105202605260004;PT. AGUNG LOGISTIK;SANTOSO;41804643.25;37909359.47;3895283.78;9.3178;REGULAR
01/05/2026;MDP;MOCK-0105202605260005;CV. MAJU LOGISTIK;PRASETYO;3211631.73;2494295.17;717336.56;22.3356;REGULAR
01/05/2026;MDP;MOCK-0105202605260006;PT. AGUNG LOGISTIK;SANTOSO;42677888.61;37390581.15;5287307.46;12.3889;REGULAR
01/05/2026;MDP;MOCK-0105202605260008;CV. BERKAH ANUGRAH;BUDIMAN;2794398.38;1934583.49;859814.89;30.7692;REGULAR
01/05/2026;MDP;MOCK-0105202605260009;PT. AGUNG LOGISTIK;SANTOSO;78908205.71;69611939.68;9296266.03;11.7811;REGULAR
01/05/2026;MDP;MOCK-0105202605260010;PT. BERKAH ENERGI;SANTOSO;40059559.79;37207114.94;2852444.85;7.1205;REGULAR
01/05/2026;MDP;MOCK-0105202605260011;PT. ASRI USAHA;SANTOSO;49403885.5;41921700.73;7482184.77;15.1449;REGULAR
01/05/2026;MDP;MOCK-0105202605260012;PT. AGUNG LOGISTIK;SANTOSO;18936485.16;16682523.5;2253961.66;11.9027;REGULAR
01/05/2026;MDP;MOCK-0105202605260013;PT. AGUNG LOGISTIK;SANTOSO;16534442.5;14573992.81;1960449.69;11.8568;REGULAR
01/05/2026;MDP;MOCK-0105202605260014;PT. AGUNG LOGISTIK;SANTOSO;19840136.02;17741107.06;2099028.96;10.5797;REGULAR
01/05/2026;MDP;MOCK-0105202605260015;PT. AGUNG LOGISTIK;SANTOSO;107748787.37;95623806.31;12124981.06;11.253;REGULAR
01/05/2026;MDP;MOCK-0105202605260016;PT. AGUNG LOGISTIK;SANTOSO;108002164.65;96769947.45;11232217.2;10.4;REGULAR
01/05/2026;MDP;MOCK-0105202605260017;CV. BINTANG FURNITURE;BUDIMAN;11874266.69;7143712.06;4730554.63;39.8387;REGULAR
01/05/2026;MDP;MOCK-0105202605260018;CV. BINTANG FURNITURE;BUDIMAN;785247.93;605901.18;179346.75;22.8395;REGULAR
01/05/2026;MDP;MOCK-0105202605260019;PT. BERKAH ENERGI;SANTOSO;55439219.33;51500733.76;3938485.57;7.1042;REGULAR
01/05/2026;MDP;MOCK-0105202605260020;PT. AGUNG LOGISTIK;SANTOSO;18329318.93;17391598.87;937720.06;5.116;REGULAR
01/05/2026;MDP;MOCK-0105202605260021;CV. PRIMA INDUSTRI;FERNANDO;5680446.85;5080285.8;600161.05;10.5654;REGULAR
01/05/2026;MDP;MOCK-0105202605260022;PT. AGUNG LOGISTIK;SANTOSO;16293901.1;14110669.59;2183231.51;13.3991;REGULAR
01/05/2026;MDP;MOCK-0105202605260023;PT. MITRA FURNITURE;WULANDARI;2281206.6;0.0;2281206.6;100.0;REGULAR
01/05/2026;MDP;MOCK-0105202605260024;PT. AGUNG LOGISTIK;SANTOSO;19592201.25;17321325.92;2270875.33;11.5907;REGULAR
01/05/2026;MDP;MOCK-0105202605260025;PT. AGUNG LOGISTIK;SANTOSO;64436005.7;57822443.72;6613561.98;10.2638;REGULAR
01/05/2026;MDP;MOCK-0105202605260027;PT. AGUNG LOGISTIK;SANTOSO;222615056.12;187090724.87;35524331.25;15.9577;REGULAR
01/05/2026;MDP;MOCK-0105202605260030;CV. BINTANG FURNITURE;BUDIMAN;1694219.87;677687.95;1016531.92;60.0;REGULAR
01/05/2026;MDP;MOCK-0105202605260031;CV. MAJU LOGISTIK;PRASETYO;4199925.89;3692282.68;507643.21;12.087;REGULAR
01/05/2026;MDP;MOCK-0105202605260032;PT. CAHAYA DAGANG;BUDIMAN;1731165.47;1331665.75;399499.72;23.0769;REGULAR
01/05/2026;MDP;MOCK-0105202605260033;PT. CAHAYA DAGANG;BUDIMAN;4077493.57;3476063.27;601430.3;14.75;REGULAR
01/05/2026;MDP;MOCK-0105202605260034;CV. BINTANG FURNITURE;BUDIMAN;3651109.91;2223469.1;1427640.81;39.1016;REGULAR
01/05/2026;MDP;MOCK-0105202605260035;CV. MAJU LOGISTIK;PRASETYO;4591546.01;3994324.69;597221.32;13.007;REGULAR
01/05/2026;MDP;MOCK-0105202605260040;CV. BINTANG FURNITURE;BUDIMAN;875661.32;529957.53;345703.79;39.4792;REGULAR
01/05/2026;MDP;MOCK-0105202605260041;CV. MAJU LOGISTIK;PRASETYO;4162228.35;3688414.76;473813.59;11.3837;REGULAR
01/05/2026;MDP;MOCK-0105202605260048;CV. MAJU LOGISTIK;PRASETYO;5274343.63;4665816.24;608527.39;11.5375;REGULAR
01/05/2026;MDP;MOCK-0105202605260049;CV. MAJU LOGISTIK;PRASETYO;4128287.45;3604557.89;523729.56;12.6864;REGULAR
